post_id,source,myntra_explicit,parent_context,author_hash,date,text,rating,engagement,url,lang_hint,collected_at,raw_file
appstore:14613939074,appstore,0,Myntra on the IN App Store,f6688d952f8c08ae,2026-10-01T07:21:45+00:00,Gooodddd,5.0,0,https://apps.apple.com/in/app/id907394059?see-all=reviews,en,2026-10-02T11:14:13+00:00,appstore_907394059_20261002T111441.json
appstore:14613928983,appstore,0,Myntra on the IN App Store,8c35e509609cdc89,2026-10-01T07:17:23+00:00,Excellent,5.0,0,https://apps.apple.com/in/app/id907394059?see-all=reviews,en,2026-10-02T11:14:13+00:00,appstore_907394059_20261002T111441.json
appstore:14613908659,appstore,0,Myntra on the IN App Store,e13ba7d4058e654e,2026-10-01T07:08:37+00:00,Friendly Store,5.0,0,https://apps.apple.com/in/app/id907394059?see-all=reviews,en,2026-10-02T11:14:13+00:00,appstore_907394059_20261002T111441.json
appstore:14613903672,appstore,0,Myntra on the IN App Store,011ed7c7d0f1ade3,2026-10-01T07:06:27+00:00,Good,5.0,0,https://apps.apple.com/in/app/id907394059?see-all=reviews,en,2026-10-02T11:14:13+00:00,appstore_907394059_20261002T111441.json
appstore:14613832424,appstore,0,Myntra on the IN App Store,a09209bc8507745d,2026-10-01T06:34:56+00:00,Good,5.0,0,https://apps.apple.com/in/app/id907394059?see-all=reviews,en,2026-10-02T11:14:13+00:00,appstore_907394059_20261002T111441.json
appstore:14613802621,appstore,0,Myntra on the IN App Store,5ba09b77ff5fda93,2026-10-01T06:21:44+00:00,Nice,5.0,0,https://apps.apple.com/in/app/id907394059?see-all=reviews,en,2026-10-02T11:14:13+00:00,appstore_907394059_20261002T111441.json
appstore:14613802202,appstore,0,Myntra on the IN App Store,f70d0c524d5533ab,2026-10-01T06:21:34+00:00,Fast fashion,5.0,0,https://apps.apple.com/in/app/id907394059?see-all=reviews,en,2026-10-02T11:14:13+00:00,appstore_907394059_20261002T111441.json
appstore:14613793556,appstore,0,Myntra on the IN App Store,2cbf93ff87d5e4a2,2026-10-01T06:17:45+00:00,"Thanks, comfortable fabric and good looks",4.0,0,https://apps.apple.com/in/app/id907394059?see-all=reviews,en,2026-10-02T11:14:13+00:00,appstore_907394059_20261002T111441.json
appstore:14613790976,appstore,0,Myntra on the IN App Store,3f25718ad977fc24,2026-10-01T06:16:36+00:00,Beautiful top,5.0,0,https://apps.apple.com/in/app/id907394059?see-all=reviews,en,2026-10-02T11:14:13+00:00,appstore_907394059_20261002T111441.json
appstore:14613789333,appstore,0,Myntra on the IN App Store,58a2f3c7adabdc89,2026-10-01T06:15:52+00:00,Good,5.0,0,https://apps.apple.com/in/app/id907394059?see-all=reviews,en,2026-10-02T11:14:13+00:00,appstore_907394059_20261002T111441.json
appstore:14613679884,appstore,0,Myntra on the IN App Store,4fbe7a675a91b1c5,2026-10-01T05:27:52+00:00,Nice product,5.0,0,https://apps.apple.com/in/app/id907394059?see-all=reviews,en,2026-10-02T11:14:13+00:00,appstore_907394059_20261002T111441.json
appstore:14613672211,appstore,0,Myntra on the IN App Store,b0b79a34c2d47862,2026-10-01T05:24:37+00:00,It’s a used product packaging is torn,1.0,0,https://apps.apple.com/in/app/id907394059?see-all=reviews,en,2026-10-02T11:14:13+00:00,appstore_907394059_20261002T111441.json
appstore:14613644325,appstore,0,Myntra on the IN App Store,317ee3fe54b7f955,2026-10-01T05:12:30+00:00,All order delays very bad service,5.0,0,https://apps.apple.com/in/app/id907394059?see-all=reviews,en,2026-10-02T11:14:13+00:00,appstore_907394059_20261002T111441.json
appstore:14613610768,appstore,0,Myntra on the IN App Store,e41c5630a845944f,2026-10-01T04:57:54+00:00,Great,5.0,0,https://apps.apple.com/in/app/id907394059?see-all=reviews,en,2026-10-02T11:14:13+00:00,appstore_907394059_20261002T111441.json
appstore:14613599238,appstore,0,Myntra on the IN App Store,ea4fd8d2f516b077,2026-10-01T04:52:51+00:00,Best appp,5.0,0,https://apps.apple.com/in/app/id907394059?see-all=reviews,en,2026-10-02T11:14:13+00:00,appstore_907394059_20261002T111441.json
appstore:14613572786,appstore,0,Myntra on the IN App Store,c2e247854e6cc80a,2026-10-01T04:41:24+00:00,Amazing,5.0,0,https://apps.apple.com/in/app/id907394059?see-all=reviews,en,2026-10-02T11:14:13+00:00,appstore_907394059_20261002T111441.json
appstore:14613544221,appstore,0,Myntra on the IN App Store,d8fb91b76b2421bb,2026-10-01T04:28:56+00:00,Nice fragrance and pocket friendly,5.0,0,https://apps.apple.com/in/app/id907394059?see-all=reviews,en,2026-10-02T11:14:13+00:00,appstore_907394059_20261002T111441.json
appstore:14613461654,appstore,0,Myntra on the IN App Store,a77bd11184f4b4cc,2026-10-01T03:54:01+00:00,Products are very good in quality,5.0,0,https://apps.apple.com/in/app/id907394059?see-all=reviews,en,2026-10-02T11:14:13+00:00,appstore_907394059_20261002T111441.json
appstore:14613453949,appstore,0,Myntra on the IN App Store,24a48a7bd59166ad,2026-10-01T03:50:38+00:00,Wonderful,5.0,0,https://apps.apple.com/in/app/id907394059?see-all=reviews,en,2026-10-02T11:14:13+00:00,appstore_907394059_20261002T111441.json
appstore:14613439822,appstore,0,Myntra on the IN App Store,e8335c185cbd926e,2026-10-01T03:44:41+00:00,Very nice,5.0,0,https://apps.apple.com/in/app/id907394059?see-all=reviews,en,2026-10-02T11:14:13+00:00,appstore_907394059_20261002T111441.json
appstore:14613410449,appstore,0,Myntra on the IN App Store,e804e1897aa90807,2026-10-01T03:32:22+00:00,"Dear team, excellent experience. Keep it up.",5.0,0,https://apps.apple.com/in/app/id907394059?see-all=reviews,en,2026-10-02T11:14:13+00:00,appstore_907394059_20261002T111441.json
appstore:14613390383,appstore,0,Myntra on the IN App Store,344183180395350f,2026-10-01T03:24:14+00:00,Nice,5.0,0,https://apps.apple.com/in/app/id907394059?see-all=reviews,en,2026-10-02T11:14:13+00:00,appstore_907394059_20261002T111441.json
appstore:14613376829,appstore,0,Myntra on the IN App Store,7d333fb6fdb84969,2026-10-01T03:18:44+00:00,Very comfortable n classy,5.0,0,https://apps.apple.com/in/app/id907394059?see-all=reviews,en,2026-10-02T11:14:13+00:00,appstore_907394059_20261002T111441.json
appstore:14613372371,appstore,0,Myntra on the IN App Store,e3899b88686b53d3,2026-10-01T03:16:54+00:00,User Friendly,5.0,0,https://apps.apple.com/in/app/id907394059?see-all=reviews,en,2026-10-02T11:14:13+00:00,appstore_907394059_20261002T111441.json
appstore:14613308213,appstore,1,Myntra on the IN App Store,28d8511b005004ae,2026-10-01T02:51:27+00:00,Myntra motive is to give everything the best @ minimal rates. Hats off.,5.0,0,https://apps.apple.com/in/app/id907394059?see-all=reviews,en,2026-10-02T11:14:13+00:00,appstore_907394059_20261002T111441.json
appstore:14613294615,appstore,0,Myntra on the IN App Store,1402c9e685777f37,2026-10-01T02:46:02+00:00,great,5.0,0,https://apps.apple.com/in/app/id907394059?see-all=reviews,en,2026-10-02T11:14:13+00:00,appstore_907394059_20261002T111441.json
appstore:14613018711,appstore,0,Myntra on the IN App Store,2fc8665b158c1ddb,2026-10-01T01:02:05+00:00,Best website for clothes and perfumes. Better than all other sites.,5.0,0,https://apps.apple.com/in/app/id907394059?see-all=reviews,en,2026-10-02T11:14:13+00:00,appstore_907394059_20261002T111441.json
appstore:14612921645,appstore,0,Myntra on the IN App Store,3216815490d331d9,2026-10-01T00:25:34+00:00,Love it,5.0,0,https://apps.apple.com/in/app/id907394059?see-all=reviews,en,2026-10-02T11:14:13+00:00,appstore_907394059_20261002T111441.json
appstore:14612504644,appstore,0,Myntra on the IN App Store,b7cfc7bc2c0117ab,2026-09-30T21:40:57+00:00,"User experience is good , though ui interface can be better",4.0,0,https://apps.apple.com/in/app/id907394059?see-all=reviews,en,2026-10-02T11:14:13+00:00,appstore_907394059_20261002T111441.json
appstore:14612462526,appstore,0,Myntra on the IN App Store,30e927c524cfa667,2026-09-30T21:24:27+00:00,Reliable clothing online app,5.0,0,https://apps.apple.com/in/app/id907394059?see-all=reviews,en,2026-10-02T11:14:13+00:00,appstore_907394059_20261002T111441.json
appstore:14612323846,appstore,0,Myntra on the IN App Store,e2aaaace8dc25193,2026-09-30T20:31:51+00:00,Nice,5.0,0,https://apps.apple.com/in/app/id907394059?see-all=reviews,en,2026-10-02T11:14:13+00:00,appstore_907394059_20261002T111441.json
appstore:14612290609,appstore,1,Myntra on the IN App Store,b5cd7546801dfdd3,2026-09-30T20:19:40+00:00,Really good to buy some offers on a products from Myntra,5.0,0,https://apps.apple.com/in/app/id907394059?see-all=reviews,en,2026-10-02T11:14:13+00:00,appstore_907394059_20261002T111441.json
appstore:14612275308,appstore,0,Myntra on the IN App Store,9ce26976a4087793,2026-09-30T20:14:00+00:00,sexy quality of cloth,5.0,0,https://apps.apple.com/in/app/id907394059?see-all=reviews,en,2026-10-02T11:14:13+00:00,appstore_907394059_20261002T111441.json
appstore:14612212492,appstore,0,Myntra on the IN App Store,4fb2d7ff750f3467,2026-09-30T19:51:11+00:00,Good,5.0,0,https://apps.apple.com/in/app/id907394059?see-all=reviews,en,2026-10-02T11:14:13+00:00,appstore_907394059_20261002T111441.json
appstore:14612153865,appstore,0,Myntra on the IN App Store,d9ddd21bc70aca7b,2026-09-30T19:30:22+00:00,Best,5.0,0,https://apps.apple.com/in/app/id907394059?see-all=reviews,en,2026-10-02T11:14:13+00:00,appstore_907394059_20261002T111441.json
appstore:14612142420,appstore,1,Myntra on the IN App Store,e58605e6ee46814e,2026-09-30T19:26:24+00:00,Love to shopping here. If you want original branded clothes then only go for Myntra 🤩,5.0,0,https://apps.apple.com/in/app/id907394059?see-all=reviews,en,2026-10-02T11:14:13+00:00,appstore_907394059_20261002T111441.json
appstore:14612102745,appstore,0,Myntra on the IN App Store,cc42c8491f696ed5,2026-09-30T19:12:49+00:00,Recent days my favourite one 🫶,5.0,0,https://apps.apple.com/in/app/id907394059?see-all=reviews,en,2026-10-02T11:14:13+00:00,appstore_907394059_20261002T111441.json
appstore:14612042704,appstore,0,Myntra on the IN App Store,c5984163a8cbfd55,2026-09-30T18:52:17+00:00,Very nice dress and so comfortable,5.0,0,https://apps.apple.com/in/app/id907394059?see-all=reviews,en,2026-10-02T11:14:13+00:00,appstore_907394059_20261002T111441.json
appstore:14612002754,appstore,0,Myntra on the IN App Store,f5a2a6e441ee06f5,2026-09-30T18:38:53+00:00,I like I shirt good quality,5.0,0,https://apps.apple.com/in/app/id907394059?see-all=reviews,en,2026-10-02T11:14:13+00:00,appstore_907394059_20261002T111441.json
appstore:14611994127,appstore,0,Myntra on the IN App Store,93012e67fc62f2c7,2026-09-30T18:36:00+00:00,Perfect,5.0,0,https://apps.apple.com/in/app/id907394059?see-all=reviews,en,2026-10-02T11:14:13+00:00,appstore_907394059_20261002T111441.json
appstore:14611980059,appstore,1,Myntra on the IN App Store,78bbc6d9e039aaeb,2026-09-30T18:31:18+00:00,"Myntra is scamming by cancelling all good deals on prepaid orders and refunding the amount late , very unprofessional behaviour no support team available , the support team doesn’t even contacts back no replies nothing , plz buy from other applications Myntra has lowered its standards and protocols both , sorry but Myntra is no more trustable",1.0,0,https://apps.apple.com/in/app/id907394059?see-all=reviews,en,2026-10-02T11:14:13+00:00,appstore_907394059_20261002T111441.json
appstore:14611970119,appstore,0,Myntra on the IN App Store,902915a5487c41a5,2026-09-30T18:27:57+00:00,Best items,5.0,0,https://apps.apple.com/in/app/id907394059?see-all=reviews,en,2026-10-02T11:14:13+00:00,appstore_907394059_20261002T111441.json
appstore:14611965318,appstore,1,Myntra on the IN App Store,b872bb87f4189e69,2026-09-30T18:26:20+00:00,I just started using myntra and the quality is amazing. You won’t regret buying anything from this ap,5.0,0,https://apps.apple.com/in/app/id907394059?see-all=reviews,en,2026-10-02T11:14:13+00:00,appstore_907394059_20261002T111441.json
appstore:14611952519,appstore,0,Myntra on the IN App Store,93124909e4aa79da,2026-09-30T18:22:05+00:00,Lucky to get a good price,5.0,0,https://apps.apple.com/in/app/id907394059?see-all=reviews,en,2026-10-02T11:14:13+00:00,appstore_907394059_20261002T111441.json
appstore:14611940552,appstore,0,Myntra on the IN App Store,6b31f45e9431cc34,2026-09-30T18:18:05+00:00,We had a great enjoyment while shopping....along with that expected fastest delivery....,5.0,0,https://apps.apple.com/in/app/id907394059?see-all=reviews,en,2026-10-02T11:14:13+00:00,appstore_907394059_20261002T111441.json
appstore:14611934865,appstore,0,Myntra on the IN App Store,ef11f8f34269d336,2026-09-30T18:16:14+00:00,Inconvenience charge too high..,5.0,0,https://apps.apple.com/in/app/id907394059?see-all=reviews,en,2026-10-02T11:14:13+00:00,appstore_907394059_20261002T111441.json
appstore:14611869552,appstore,0,Myntra on the IN App Store,89304b4127c2280a,2026-09-30T17:55:02+00:00,Good price,5.0,0,https://apps.apple.com/in/app/id907394059?see-all=reviews,en,2026-10-02T11:14:13+00:00,appstore_907394059_20261002T111441.json
appstore:14611820880,appstore,0,Myntra on the IN App Store,c916d927650870a7,2026-09-30T17:39:25+00:00,nice cloth,5.0,0,https://apps.apple.com/in/app/id907394059?see-all=reviews,en,2026-10-02T11:14:13+00:00,appstore_907394059_20261002T111441.json
appstore:14611817284,appstore,0,Myntra on the IN App Store,8cda47c46700e29c,2026-09-30T17:38:13+00:00,BEST OPTIONS FOR SHOPING,5.0,0,https://apps.apple.com/in/app/id907394059?see-all=reviews,en,2026-10-02T11:14:13+00:00,appstore_907394059_20261002T111441.json
appstore:14611809034,appstore,0,Myntra on the IN App Store,c7672e08c2cfe3c4,2026-09-30T17:35:32+00:00,Best online shopping experience,5.0,0,https://apps.apple.com/in/app/id907394059?see-all=reviews,en,2026-10-02T11:14:13+00:00,appstore_907394059_20261002T111441.json
appstore:14611782817,appstore,0,Myntra on the IN App Store,7e6b22366149c3ee,2026-09-30T17:27:12+00:00,Best app for any shopping best prices and discounts,5.0,0,https://apps.apple.com/in/app/id907394059?see-all=reviews,en,2026-10-02T11:14:16+00:00,appstore_907394059_20261002T111441.json
appstore:14611767859,appstore,0,Myntra on the IN App Store,47e1a1ee2b04263b,2026-09-30T17:22:28+00:00,Shirt very perfect and material is very good I satisfied this shirt i am very happy,5.0,0,https://apps.apple.com/in/app/id907394059?see-all=reviews,en,2026-10-02T11:14:16+00:00,appstore_907394059_20261002T111441.json
appstore:14611755908,appstore,1,Myntra on the IN App Store,f3f102fe994c6379,2026-09-30T17:18:44+00:00,"After browsing a lot on multiple apps and price comparison, i chose myntra as i usually have trust on the app but yet the product does not get delivered. In the era of blinkit and zepto, you guys got m express and you promised for next day delivery. Yet i didn’t received it, and also a product which i ordered 3 days before I didn’t received that too. Don’t promise something which you cannot deliver. Please do not give date of deliveries which you are unable to achieve. Atleast, we can get the product from somewhere else and not be hanging around in the wait.",2.0,0,https://apps.apple.com/in/app/id907394059?see-all=reviews,en,2026-10-02T11:14:16+00:00,appstore_907394059_20261002T111441.json
appstore:14611718768,appstore,1,Myntra on the IN App Store,48cee8fa0acd6463,2026-09-30T17:07:14+00:00,Together for 8 years Myntra is the best 👌🏻,5.0,0,https://apps.apple.com/in/app/id907394059?see-all=reviews,en,2026-10-02T11:14:16+00:00,appstore_907394059_20261002T111441.json
appstore:14611712744,appstore,1,Myntra on the IN App Store,4ccd4ff2e7aa3b25,2026-09-30T17:05:21+00:00,"Myntra UGC ka experience honestly kaafi disappointing raha hai. Payments time par nahi milti, aur kai baar payment process ko lekar proper clarity bhi nahi hoti. Products ki pricing bhi kaafi high lagti hai, jabki product quality expectations ke according nahi hoti.

Customer support se contact karne par bhi proper assistance nahi milti. Representatives ko issue ki complete information nahi hoti aur automated/AI responses se problem solve hone ke bajay customers aur creators ka time waste hota hai.

Creators apna time, effort aur resources laga kar content create karte hain, isliye timely payment, better product quality, transparent communication aur proper customer/creator support minimum expectations hain. Myntra ko apne UGC programme aur creator support system mein serious improvement karne ki zarurat hai.",1.0,0,https://apps.apple.com/in/app/id907394059?see-all=reviews,en,2026-10-02T11:14:16+00:00,appstore_907394059_20261002T111441.json
appstore:14611712121,appstore,0,Myntra on the IN App Store,7afdc798f1296a71,2026-09-30T17:05:10+00:00,I purchased this sunscreen stick and served its purpose. Compact and easy to carry around.,4.0,0,https://apps.apple.com/in/app/id907394059?see-all=reviews,en,2026-10-02T11:14:16+00:00,appstore_907394059_20261002T111441.json
appstore:14611693717,appstore,0,Myntra on the IN App Store,4b050bf844b4030b,2026-09-30T16:59:31+00:00,AWESOME 😊,5.0,0,https://apps.apple.com/in/app/id907394059?see-all=reviews,en,2026-10-02T11:14:16+00:00,appstore_907394059_20261002T111441.json
appstore:14611644011,appstore,0,Myntra on the IN App Store,b0f34e13797f2d62,2026-09-30T16:44:19+00:00,Excellent,5.0,0,https://apps.apple.com/in/app/id907394059?see-all=reviews,en,2026-10-02T11:14:16+00:00,appstore_907394059_20261002T111441.json
appstore:14611641012,appstore,0,Myntra on the IN App Store,540092037b5f7938,2026-09-30T16:43:24+00:00,Very comfy and classy footwear,5.0,0,https://apps.apple.com/in/app/id907394059?see-all=reviews,en,2026-10-02T11:14:16+00:00,appstore_907394059_20261002T111441.json
appstore:14611614701,appstore,0,Myntra on the IN App Store,57ebcf8ab8c24aa4,2026-09-30T16:35:24+00:00,Nice.,5.0,0,https://apps.apple.com/in/app/id907394059?see-all=reviews,en,2026-10-02T11:14:16+00:00,appstore_907394059_20261002T111441.json
appstore:14611552068,appstore,0,Myntra on the IN App Store,77b35ee7bb66b24c,2026-09-30T16:16:32+00:00,Wow wow wow,5.0,0,https://apps.apple.com/in/app/id907394059?see-all=reviews,en,2026-10-02T11:14:16+00:00,appstore_907394059_20261002T111441.json
appstore:14611533938,appstore,0,Myntra on the IN App Store,2477aba4a80fca3c,2026-09-30T16:11:14+00:00,Good quality,5.0,0,https://apps.apple.com/in/app/id907394059?see-all=reviews,en,2026-10-02T11:14:16+00:00,appstore_907394059_20261002T111441.json
appstore:14611532536,appstore,0,Myntra on the IN App Store,68baa8791c84f58b,2026-09-30T16:10:49+00:00,Best,5.0,0,https://apps.apple.com/in/app/id907394059?see-all=reviews,en,2026-10-02T11:14:16+00:00,appstore_907394059_20261002T111441.json
appstore:14611529031,appstore,0,Myntra on the IN App Store,10b0c02358e1d864,2026-09-30T16:09:44+00:00,Fast delivery and reliable products,5.0,0,https://apps.apple.com/in/app/id907394059?see-all=reviews,en,2026-10-02T11:14:16+00:00,appstore_907394059_20261002T111441.json
appstore:14611496691,appstore,0,Myntra on the IN App Store,3041ad4930954b3c,2026-09-30T16:00:10+00:00,Nice,5.0,0,https://apps.apple.com/in/app/id907394059?see-all=reviews,en,2026-10-02T11:14:16+00:00,appstore_907394059_20261002T111441.json
appstore:14611474152,appstore,0,Myntra on the IN App Store,567987c416ebc8ff,2026-09-30T15:53:27+00:00,Looks very stylish,5.0,0,https://apps.apple.com/in/app/id907394059?see-all=reviews,en,2026-10-02T11:14:16+00:00,appstore_907394059_20261002T111441.json
appstore:14611465766,appstore,0,Myntra on the IN App Store,def50944bd318623,2026-09-30T15:50:56+00:00,❣️❣️,5.0,0,https://apps.apple.com/in/app/id907394059?see-all=reviews,en,2026-10-02T11:14:16+00:00,appstore_907394059_20261002T111441.json
appstore:14611442886,appstore,0,Myntra on the IN App Store,f3709c2e83f704f0,2026-09-30T15:44:10+00:00,Nice deal,5.0,0,https://apps.apple.com/in/app/id907394059?see-all=reviews,en,2026-10-02T11:14:16+00:00,appstore_907394059_20261002T111441.json
appstore:14611423739,appstore,1,Myntra on the IN App Store,0e05183835611c5b,2026-09-30T15:38:33+00:00,Have been shopping on Myntra for sometime now! No other app has such fantabulous deals! Excellent very happy with Myntra!,5.0,0,https://apps.apple.com/in/app/id907394059?see-all=reviews,en,2026-10-02T11:14:16+00:00,appstore_907394059_20261002T111441.json
appstore:14611406057,appstore,1,Myntra on the IN App Store,22ac09f5fc042acf,2026-09-30T15:33:17+00:00,Myntra app is good but less see if the products comes safe or secure or not,5.0,0,https://apps.apple.com/in/app/id907394059?see-all=reviews,en,2026-10-02T11:14:16+00:00,appstore_907394059_20261002T111441.json
appstore:14611394392,appstore,0,Myntra on the IN App Store,fd6cd6b0f56ed6d1,2026-09-30T15:29:55+00:00,Amazing socks,5.0,0,https://apps.apple.com/in/app/id907394059?see-all=reviews,en,2026-10-02T11:14:16+00:00,appstore_907394059_20261002T111441.json
appstore:14611372494,appstore,0,Myntra on the IN App Store,0a551bd73415153f,2026-09-30T15:23:32+00:00,"Good service and response , easy return policy , no hard terms and conditions",5.0,0,https://apps.apple.com/in/app/id907394059?see-all=reviews,en,2026-10-02T11:14:16+00:00,appstore_907394059_20261002T111441.json
appstore:14611334451,appstore,0,Myntra on the IN App Store,08a58de38095e4ec,2026-09-30T15:12:30+00:00,bhaut achi h,5.0,0,https://apps.apple.com/in/app/id907394059?see-all=reviews,en,2026-10-02T11:14:16+00:00,appstore_907394059_20261002T111441.json
appstore:14611302796,appstore,0,Myntra on the IN App Store,fcbdc5275665e755,2026-09-30T15:03:19+00:00,Good app,5.0,0,https://apps.apple.com/in/app/id907394059?see-all=reviews,en,2026-10-02T11:14:16+00:00,appstore_907394059_20261002T111441.json
appstore:14611274295,appstore,0,Myntra on the IN App Store,829110585e369721,2026-09-30T14:55:03+00:00,Must buy,5.0,0,https://apps.apple.com/in/app/id907394059?see-all=reviews,en,2026-10-02T11:14:16+00:00,appstore_907394059_20261002T111441.json
appstore:14611212223,appstore,1,Myntra on the IN App Store,c379940e80b0897f,2026-09-30T14:37:17+00:00,My experience on Myntra was good but sometimes the products don’t come the best,4.0,0,https://apps.apple.com/in/app/id907394059?see-all=reviews,en,2026-10-02T11:14:16+00:00,appstore_907394059_20261002T111441.json
appstore:14611203701,appstore,0,Myntra on the IN App Store,95b9292468cbc96f,2026-09-30T14:34:50+00:00,My go to app for shopping,5.0,0,https://apps.apple.com/in/app/id907394059?see-all=reviews,en,2026-10-02T11:14:16+00:00,appstore_907394059_20261002T111441.json
appstore:14611201751,appstore,0,Myntra on the IN App Store,71aa7f90913270a6,2026-09-30T14:34:16+00:00,Best,4.0,0,https://apps.apple.com/in/app/id907394059?see-all=reviews,en,2026-10-02T11:14:16+00:00,appstore_907394059_20261002T111441.json
appstore:14611187251,appstore,0,Myntra on the IN App Store,98a88789b17f5514,2026-09-30T14:30:07+00:00,❤️,5.0,0,https://apps.apple.com/in/app/id907394059?see-all=reviews,en,2026-10-02T11:14:16+00:00,appstore_907394059_20261002T111441.json
appstore:14611182525,appstore,1,Myntra on the IN App Store,77a5ebb2d1451bc8,2026-09-30T14:28:46+00:00,Myntra is flooded lately with lot of scammers selling low quality products . I don’t choose to buy from Myntra anymore,1.0,0,https://apps.apple.com/in/app/id907394059?see-all=reviews,en,2026-10-02T11:14:16+00:00,appstore_907394059_20261002T111441.json
appstore:14611110632,appstore,0,Myntra on the IN App Store,25894459c6af2e5a,2026-09-30T14:08:15+00:00,"My product was clearly eligible for return, and all the required tags and packaging were intact and in proper condition. However, the delivery/return pickup person misbehaved with me and intentionally refused to pick up the return.

There was no valid reason for the return to be rejected, as the product met all the return eligibility requirements. I request you to please look into this issue and arrange the return pickup again at the earliest. Kindly also take appropriate action regarding the behaviour of the pickup person.",1.0,0,https://apps.apple.com/in/app/id907394059?see-all=reviews,en,2026-10-02T11:14:16+00:00,appstore_907394059_20261002T111441.json
appstore:14611082737,appstore,0,Myntra on the IN App Store,f181eebaa0222c9e,2026-09-30T14:00:16+00:00,"Best in every sense the quality, material and look it’s beautiful",5.0,0,https://apps.apple.com/in/app/id907394059?see-all=reviews,en,2026-10-02T11:14:16+00:00,appstore_907394059_20261002T111441.json
appstore:14611067286,appstore,0,Myntra on the IN App Store,5f3cc41f1fc4a1f5,2026-09-30T13:55:48+00:00,Very nice cord sets,5.0,0,https://apps.apple.com/in/app/id907394059?see-all=reviews,en,2026-10-02T11:14:16+00:00,appstore_907394059_20261002T111441.json
appstore:14611047112,appstore,0,Myntra on the IN App Store,e26108842116c31a,2026-09-30T13:49:57+00:00,Best quality pants one can buy the only thing is size issue order one size smaller to your actually size,5.0,0,https://apps.apple.com/in/app/id907394059?see-all=reviews,en,2026-10-02T11:14:16+00:00,appstore_907394059_20261002T111441.json
appstore:14610999373,appstore,0,Myntra on the IN App Store,ef5abbfab47f1d94,2026-09-30T13:36:08+00:00,The watch exactly look like luxurious,5.0,0,https://apps.apple.com/in/app/id907394059?see-all=reviews,en,2026-10-02T11:14:16+00:00,appstore_907394059_20261002T111441.json
appstore:14610973350,appstore,0,Myntra on the IN App Store,20cfa4e0190b174c,2026-09-30T13:28:31+00:00,For all,5.0,0,https://apps.apple.com/in/app/id907394059?see-all=reviews,en,2026-10-02T11:14:16+00:00,appstore_907394059_20261002T111441.json
appstore:14610971841,appstore,1,Myntra on the IN App Store,485a086611fa3d1c,2026-09-30T13:28:06+00:00,Nice experience with Myntra first time btw ❤️,5.0,0,https://apps.apple.com/in/app/id907394059?see-all=reviews,en,2026-10-02T11:14:16+00:00,appstore_907394059_20261002T111441.json
appstore:14610932289,appstore,0,Myntra on the IN App Store,128303720ff338ed,2026-09-30T13:16:24+00:00,Good,5.0,0,https://apps.apple.com/in/app/id907394059?see-all=reviews,en,2026-10-02T11:14:16+00:00,appstore_907394059_20261002T111441.json
appstore:14610913024,appstore,0,Myntra on the IN App Store,d9a92edddb93cb2d,2026-09-30T13:10:36+00:00,Nice,5.0,0,https://apps.apple.com/in/app/id907394059?see-all=reviews,en,2026-10-02T11:14:16+00:00,appstore_907394059_20261002T111441.json
appstore:14610906556,appstore,0,Myntra on the IN App Store,582f86f8adb18c76,2026-09-30T13:08:39+00:00,Just mind blowing,5.0,0,https://apps.apple.com/in/app/id907394059?see-all=reviews,en,2026-10-02T11:14:16+00:00,appstore_907394059_20261002T111441.json
appstore:14610861264,appstore,0,Myntra on the IN App Store,ea8945c8cd58b1d3,2026-09-30T12:55:06+00:00,Very good quality from this apps,5.0,0,https://apps.apple.com/in/app/id907394059?see-all=reviews,en,2026-10-02T11:14:16+00:00,appstore_907394059_20261002T111441.json
appstore:14610841220,appstore,0,Myntra on the IN App Store,8420d6ea757264be,2026-09-30T12:48:58+00:00,It is same as shown in picture. Also it matches exactly with my silver gold touch set,5.0,0,https://apps.apple.com/in/app/id907394059?see-all=reviews,en,2026-10-02T11:14:16+00:00,appstore_907394059_20261002T111441.json
appstore:14610803467,appstore,0,Myntra on the IN App Store,36a6a4148ee462c2,2026-09-30T12:37:20+00:00,Very good as well as nice shopping app,5.0,0,https://apps.apple.com/in/app/id907394059?see-all=reviews,en,2026-10-02T11:14:16+00:00,appstore_907394059_20261002T111441.json
appstore:14610802751,appstore,0,Myntra on the IN App Store,1baef3ed1890af42,2026-09-30T12:37:06+00:00,Very nice,5.0,0,https://apps.apple.com/in/app/id907394059?see-all=reviews,en,2026-10-02T11:14:16+00:00,appstore_907394059_20261002T111441.json
appstore:14610801182,appstore,0,Myntra on the IN App Store,570b567caa7fc91b,2026-09-30T12:36:36+00:00,Easy and fast,5.0,0,https://apps.apple.com/in/app/id907394059?see-all=reviews,en,2026-10-02T11:14:16+00:00,appstore_907394059_20261002T111441.json
appstore:14610799409,appstore,1,Myntra on the IN App Store,013595154dfe62a2,2026-09-30T12:36:02+00:00,Myntra always delivers products on time & the product quality is always amazing.,5.0,0,https://apps.apple.com/in/app/id907394059?see-all=reviews,en,2026-10-02T11:14:16+00:00,appstore_907394059_20261002T111441.json
appstore:14610795724,appstore,1,Myntra on the IN App Store,e6847280478f1a3b,2026-09-30T12:34:55+00:00,Excellent experience with Myntra,5.0,0,https://apps.apple.com/in/app/id907394059?see-all=reviews,en,2026-10-02T11:14:16+00:00,appstore_907394059_20261002T111441.json
appstore:14610745815,appstore,0,Myntra on the IN App Store,29e7ff3036072c94,2026-09-30T12:19:20+00:00,excellent product,5.0,0,https://apps.apple.com/in/app/id907394059?see-all=reviews,en,2026-10-02T11:14:16+00:00,appstore_907394059_20261002T111441.json
appstore:14610719163,appstore,0,Myntra on the IN App Store,ea87d2c07ff9fc19,2026-09-30T12:10:59+00:00,Good quality,5.0,0,https://apps.apple.com/in/app/id907394059?see-all=reviews,en,2026-10-02T11:14:16+00:00,appstore_907394059_20261002T111441.json
appstore:14610674254,appstore,0,Myntra on the IN App Store,4a39882be5f6e747,2026-09-30T11:56:38+00:00,Very fast n easy going,5.0,0,https://apps.apple.com/in/app/id907394059?see-all=reviews,en,2026-10-02T11:14:16+00:00,appstore_907394059_20261002T111441.json
appstore:14610626903,appstore,0,Myntra on the IN App Store,fe202605e36e220e,2026-09-30T11:41:07+00:00,Very beautiful dress,5.0,0,https://apps.apple.com/in/app/id907394059?see-all=reviews,en,2026-10-02T11:14:19+00:00,appstore_907394059_20261002T111441.json
appstore:14610569230,appstore,0,Myntra on the IN App Store,3a79c6bd251ab1ae,2026-09-30T11:21:41+00:00,"Top was really pretty🥰
Quality wise also superb and the pearl on the collar makes this top more prettier❤️",5.0,0,https://apps.apple.com/in/app/id907394059?see-all=reviews,en,2026-10-02T11:14:19+00:00,appstore_907394059_20261002T111441.json
appstore:14610543198,appstore,0,Myntra on the IN App Store,f1f54101b59545ce,2026-09-30T11:12:43+00:00,Great app,5.0,0,https://apps.apple.com/in/app/id907394059?see-all=reviews,en,2026-10-02T11:14:19+00:00,appstore_907394059_20261002T111441.json
appstore:14610537495,appstore,0,Myntra on the IN App Store,76407fa739f18e94,2026-09-30T11:10:42+00:00,It’s really good …quality also superb,5.0,0,https://apps.apple.com/in/app/id907394059?see-all=reviews,en,2026-10-02T11:14:19+00:00,appstore_907394059_20261002T111441.json
appstore:14610509788,appstore,0,Myntra on the IN App Store,cf26a0aca7e20320,2026-09-30T11:00:46+00:00,Shopping’s easy hai,5.0,0,https://apps.apple.com/in/app/id907394059?see-all=reviews,en,2026-10-02T11:14:19+00:00,appstore_907394059_20261002T111441.json
appstore:14610505640,appstore,0,Myntra on the IN App Store,b6a7bd5fbfdb37b3,2026-09-30T10:59:18+00:00,Nice n elegant ❤️❤️👍,5.0,0,https://apps.apple.com/in/app/id907394059?see-all=reviews,en,2026-10-02T11:14:19+00:00,appstore_907394059_20261002T111441.json
appstore:14610448395,appstore,0,Myntra on the IN App Store,3c4381ac7dedd9dd,2026-09-30T10:38:09+00:00,"Enjoying the app, great offers and deals",5.0,0,https://apps.apple.com/in/app/id907394059?see-all=reviews,en,2026-10-02T11:14:19+00:00,appstore_907394059_20261002T111441.json
appstore:14610427596,appstore,0,Myntra on the IN App Store,6bf38ed244249c47,2026-09-30T10:30:16+00:00,The quality is very nice,5.0,0,https://apps.apple.com/in/app/id907394059?see-all=reviews,en,2026-10-02T11:14:19+00:00,appstore_907394059_20261002T111441.json
appstore:14610387344,appstore,0,Myntra on the IN App Store,060411cf89e3ba99,2026-09-30T10:14:22+00:00,Nice,5.0,0,https://apps.apple.com/in/app/id907394059?see-all=reviews,en,2026-10-02T11:14:19+00:00,appstore_907394059_20261002T111441.json
appstore:14610336295,appstore,0,Myntra on the IN App Store,dac4eb2f803d35f5,2026-09-30T09:53:28+00:00,Good,5.0,0,https://apps.apple.com/in/app/id907394059?see-all=reviews,en,2026-10-02T11:14:19+00:00,appstore_907394059_20261002T111441.json
appstore:14610291222,appstore,0,Myntra on the IN App Store,49b9b3aebf730fc6,2026-09-30T09:34:15+00:00,You charge 50rs for return now we will buy offline isse acha to,1.0,0,https://apps.apple.com/in/app/id907394059?see-all=reviews,en,2026-10-02T11:14:19+00:00,appstore_907394059_20261002T111441.json
appstore:14610275637,appstore,0,Myntra on the IN App Store,658a212135572651,2026-09-30T09:27:32+00:00,Great app absolutely,5.0,0,https://apps.apple.com/in/app/id907394059?see-all=reviews,en,2026-10-02T11:14:19+00:00,appstore_907394059_20261002T111441.json
appstore:14610262218,appstore,0,Myntra on the IN App Store,f2f171935b5c007e,2026-09-30T09:21:42+00:00,Good,5.0,0,https://apps.apple.com/in/app/id907394059?see-all=reviews,en,2026-10-02T11:14:19+00:00,appstore_907394059_20261002T111441.json
appstore:14610249361,appstore,0,Myntra on the IN App Store,a0a76f06480a0881,2026-09-30T09:16:03+00:00,Its a better app for mycash earnings and purchasing in budget things and useful things are available in deals and earn daily my cash i loved this app i hope always maintain your own speciality,5.0,0,https://apps.apple.com/in/app/id907394059?see-all=reviews,en,2026-10-02T11:14:19+00:00,appstore_907394059_20261002T111441.json
appstore:14610244971,appstore,0,Myntra on the IN App Store,b71c6a2301b5d0e7,2026-09-30T09:14:08+00:00,Good,5.0,0,https://apps.apple.com/in/app/id907394059?see-all=reviews,en,2026-10-02T11:14:19+00:00,appstore_907394059_20261002T111441.json
appstore:14610224123,appstore,0,Myntra on the IN App Store,da0a1dd5fa4434db,2026-09-30T09:04:54+00:00,Nice,5.0,0,https://apps.apple.com/in/app/id907394059?see-all=reviews,en,2026-10-02T11:14:19+00:00,appstore_907394059_20261002T111441.json
appstore:14610222142,appstore,0,Myntra on the IN App Store,fed10b86cfb4bdb1,2026-09-30T09:04:02+00:00,Very good product and app,5.0,0,https://apps.apple.com/in/app/id907394059?see-all=reviews,en,2026-10-02T11:14:19+00:00,appstore_907394059_20261002T111441.json
appstore:14610220260,appstore,0,Myntra on the IN App Store,617f14f61fa1bd9b,2026-09-30T09:03:13+00:00,The fabric and style is royal and poised. My daughter is super happy wearing not only this but all dresses from this brand as it’s comfy and stylish. The colors are bright too ! Would recommend to all moms out there for their daughters !,5.0,0,https://apps.apple.com/in/app/id907394059?see-all=reviews,en,2026-10-02T11:14:19+00:00,appstore_907394059_20261002T111441.json
appstore:14610215906,appstore,0,Myntra on the IN App Store,390a792c4dbff82f,2026-09-30T09:01:14+00:00,Simply awesome and seamless experience on the app,5.0,0,https://apps.apple.com/in/app/id907394059?see-all=reviews,en,2026-10-02T11:14:19+00:00,appstore_907394059_20261002T111441.json
appstore:14610190504,appstore,0,Myntra on the IN App Store,3389097505d805fe,2026-09-30T08:49:56+00:00,Very nice app with affordable prices and enchanting designs with super great offers,5.0,0,https://apps.apple.com/in/app/id907394059?see-all=reviews,en,2026-10-02T11:14:19+00:00,appstore_907394059_20261002T111441.json
appstore:14610185255,appstore,0,Myntra on the IN App Store,eb8ce3ec81e3f6e4,2026-09-30T08:47:32+00:00,Loved the bag collection,5.0,0,https://apps.apple.com/in/app/id907394059?see-all=reviews,en,2026-10-02T11:14:19+00:00,appstore_907394059_20261002T111441.json
appstore:14610153481,appstore,0,Myntra on the IN App Store,b80b2bf16d726e8a,2026-09-30T08:32:56+00:00,5,5.0,0,https://apps.apple.com/in/app/id907394059?see-all=reviews,en,2026-10-02T11:14:19+00:00,appstore_907394059_20261002T111441.json
appstore:14610144297,appstore,0,Myntra on the IN App Store,4750f4b09a82a6e4,2026-09-30T08:28:37+00:00,"Today I’m deleting this app after using it for 12 years long period some times I got problems with this app but didn’t complain but this month first time I complained bcs I bought party wear suit which has torn in middle of the party, I got very embarrassing moment. Within 13 days I complained about that product but they rejected they said we didn’t get any other complaint about this product so they won’t thrust me I sent image which shows that cloth has torn from stitching but they didn’t even check and rejected my complaint
Very rude behaviour when their customer need their help 
Very disappointed",1.0,0,https://apps.apple.com/in/app/id907394059?see-all=reviews,en,2026-10-02T11:14:19+00:00,appstore_907394059_20261002T111441.json
appstore:14610137746,appstore,0,Myntra on the IN App Store,93443766ea69b1c6,2026-09-30T08:25:38+00:00,Excellent,5.0,0,https://apps.apple.com/in/app/id907394059?see-all=reviews,en,2026-10-02T11:14:19+00:00,appstore_907394059_20261002T111441.json
appstore:14610107009,appstore,0,Myntra on the IN App Store,a6eb985fed3f0b00,2026-09-30T08:11:15+00:00,Fulfilling wishes,5.0,0,https://apps.apple.com/in/app/id907394059?see-all=reviews,en,2026-10-02T11:14:19+00:00,appstore_907394059_20261002T111441.json
appstore:14610098270,appstore,0,Myntra on the IN App Store,1e3fd364ab68bc9a,2026-09-30T08:07:06+00:00,Fabric was good,5.0,0,https://apps.apple.com/in/app/id907394059?see-all=reviews,en,2026-10-02T11:14:19+00:00,appstore_907394059_20261002T111441.json
appstore:14610091879,appstore,0,Myntra on the IN App Store,126d2b08c8a8a036,2026-09-30T08:04:07+00:00,So beautiful saree,5.0,0,https://apps.apple.com/in/app/id907394059?see-all=reviews,en,2026-10-02T11:14:19+00:00,appstore_907394059_20261002T111441.json
appstore:14610079203,appstore,0,Myntra on the IN App Store,d57f0d0b768284c8,2026-09-30T07:58:03+00:00,🤗👍👍👍👍👍,5.0,0,https://apps.apple.com/in/app/id907394059?see-all=reviews,en,2026-10-02T11:14:19+00:00,appstore_907394059_20261002T111441.json
appstore:14610063693,appstore,0,Myntra on the IN App Store,4dae9afcb8c29968,2026-09-30T07:50:42+00:00,"Best quality n fabric is also nice , so comfortable",4.0,0,https://apps.apple.com/in/app/id907394059?see-all=reviews,en,2026-10-02T11:14:19+00:00,appstore_907394059_20261002T111441.json
appstore:14610049074,appstore,1,Myntra on the IN App Store,83ac8c669b7a8513,2026-09-30T07:43:39+00:00,"The worst shopping app right now is Myntra. Even when an exchange is eligible, they don't resolve the issue despite calling customer care multiple times. I'm deleting the app and will never shop from Myntra again",1.0,0,https://apps.apple.com/in/app/id907394059?see-all=reviews,en,2026-10-02T11:14:19+00:00,appstore_907394059_20261002T111441.json
appstore:14610043540,appstore,0,Myntra on the IN App Store,f10b755704f38484,2026-09-30T07:41:02+00:00,Such a nice fit,5.0,0,https://apps.apple.com/in/app/id907394059?see-all=reviews,en,2026-10-02T11:14:19+00:00,appstore_907394059_20261002T111441.json
appstore:14610036022,appstore,0,Myntra on the IN App Store,17daa3ec27b34ddc,2026-09-30T07:37:29+00:00,"Product quality bahut achhi hai, bilkul description ke according mila. Fabric soft aur comfortable hai, fitting bhi perfect hai. Color aur design photos jaise hi hain. Delivery bhi time par ho gayi. Overall product se main bahut satisfied hoon—highly recommended! ⭐⭐⭐⭐⭐",4.0,0,https://apps.apple.com/in/app/id907394059?see-all=reviews,en,2026-10-02T11:14:19+00:00,appstore_907394059_20261002T111441.json
appstore:14610019609,appstore,0,Myntra on the IN App Store,2ee1265b9507f73b,2026-09-30T07:29:42+00:00,Good,5.0,0,https://apps.apple.com/in/app/id907394059?see-all=reviews,en,2026-10-02T11:14:19+00:00,appstore_907394059_20261002T111441.json
appstore:14610001395,appstore,0,Myntra on the IN App Store,f83f7f572a9b9c7a,2026-09-30T07:21:08+00:00,Just as described,5.0,0,https://apps.apple.com/in/app/id907394059?see-all=reviews,en,2026-10-02T11:14:19+00:00,appstore_907394059_20261002T111441.json
appstore:14609996829,appstore,0,Myntra on the IN App Store,f0a769462f6dfe08,2026-09-30T07:18:56+00:00,Fabric is good,5.0,0,https://apps.apple.com/in/app/id907394059?see-all=reviews,en,2026-10-02T11:14:19+00:00,appstore_907394059_20261002T111441.json
appstore:14609982116,appstore,0,Myntra on the IN App Store,129547cc2eb4a6e2,2026-09-30T07:12:04+00:00,So nice app to shopping,5.0,0,https://apps.apple.com/in/app/id907394059?see-all=reviews,en,2026-10-02T11:14:19+00:00,appstore_907394059_20261002T111441.json
appstore:14609943076,appstore,0,Myntra on the IN App Store,67cbafe388659086,2026-09-30T06:53:37+00:00,Very nice fabric with good fit,5.0,0,https://apps.apple.com/in/app/id907394059?see-all=reviews,en,2026-10-02T11:14:19+00:00,appstore_907394059_20261002T111441.json
appstore:14609943022,appstore,0,Myntra on the IN App Store,e0d4a0322056c635,2026-09-30T06:53:35+00:00,Product is very nice,5.0,0,https://apps.apple.com/in/app/id907394059?see-all=reviews,en,2026-10-02T11:14:19+00:00,appstore_907394059_20261002T111441.json
appstore:14609939493,appstore,0,Myntra on the IN App Store,5b73a1cfd17376a7,2026-09-30T06:51:56+00:00,"Really liked the Table cloth. Fab India""s stuff is worth it.",5.0,0,https://apps.apple.com/in/app/id907394059?see-all=reviews,en,2026-10-02T11:14:19+00:00,appstore_907394059_20261002T111441.json
appstore:14609939087,appstore,1,Myntra on the IN App Store,b407e9f72d7e82ab,2026-09-30T06:51:45+00:00,Very disappointing experience with Myntra. I received a wrong/mismatched product instead of the one I ordered. I had to request a return because the product did not match my order. I expected better quality control and order accuracy from Myntra. Hope they improve their packing and verification process.,4.0,0,https://apps.apple.com/in/app/id907394059?see-all=reviews,en,2026-10-02T11:14:19+00:00,appstore_907394059_20261002T111441.json
appstore:14609929717,appstore,0,Myntra on the IN App Store,52bdf7ea6abaec81,2026-09-30T06:47:10+00:00,Best application for shopping,5.0,0,https://apps.apple.com/in/app/id907394059?see-all=reviews,en,2026-10-02T11:14:19+00:00,appstore_907394059_20261002T111441.json
appstore:14609913808,appstore,0,Myntra on the IN App Store,e0880cd943d44cba,2026-09-30T06:39:32+00:00,Service,5.0,0,https://apps.apple.com/in/app/id907394059?see-all=reviews,en,2026-10-02T11:14:19+00:00,appstore_907394059_20261002T111441.json
appstore:14609891786,appstore,0,Myntra on the IN App Store,eaca3b0ad3ace87a,2026-09-30T06:28:57+00:00,Nice,5.0,0,https://apps.apple.com/in/app/id907394059?see-all=reviews,en,2026-10-02T11:14:19+00:00,appstore_907394059_20261002T111441.json
appstore:14609889421,appstore,0,Myntra on the IN App Store,a183add45017c0a3,2026-09-30T06:27:50+00:00,"Ease of shopping, user friendly app.",5.0,0,https://apps.apple.com/in/app/id907394059?see-all=reviews,en,2026-10-02T11:14:19+00:00,appstore_907394059_20261002T111441.json
appstore:14609883802,appstore,0,Myntra on the IN App Store,a78235fed262cd53,2026-09-30T06:25:07+00:00,"The colour is beautiful, the fit is flattering, and the material feels comfortable. Looks exactly like the pictures. Perfect for a cute, elegant look. Totally worth it! ✨",5.0,0,https://apps.apple.com/in/app/id907394059?see-all=reviews,en,2026-10-02T11:14:19+00:00,appstore_907394059_20261002T111441.json
appstore:14609857015,appstore,0,Myntra on the IN App Store,b8c23e5148dee72b,2026-09-30T06:12:17+00:00,Amazing,5.0,0,https://apps.apple.com/in/app/id907394059?see-all=reviews,en,2026-10-02T11:14:19+00:00,appstore_907394059_20261002T111441.json
appstore:14609820200,appstore,1,Myntra on the IN App Store,8efdc8e09a6fb0ec,2026-09-30T05:54:28+00:00,"Easy search, purchase and no convenience fee too. Loved the exchange with different item replaced option. 

Thanx, team Myntra

Cares,
Pr33t!",5.0,0,https://apps.apple.com/in/app/id907394059?see-all=reviews,en,2026-10-02T11:14:19+00:00,appstore_907394059_20261002T111441.json
appstore:14609812852,appstore,0,Myntra on the IN App Store,f61dfdfa3ba1fe29,2026-09-30T05:50:55+00:00,Excellent,5.0,0,https://apps.apple.com/in/app/id907394059?see-all=reviews,en,2026-10-02T11:14:19+00:00,appstore_907394059_20261002T111441.json
appstore:14609807979,appstore,0,Myntra on the IN App Store,8d55c7a82d7581ef,2026-09-30T05:48:35+00:00,"Nice dress, smooth and comfortable",5.0,0,https://apps.apple.com/in/app/id907394059?see-all=reviews,en,2026-10-02T11:14:19+00:00,appstore_907394059_20261002T111441.json
appstore:14609807222,appstore,1,Myntra on the IN App Store,82f2ab2f9785f334,2026-09-30T05:48:14+00:00,"Everytime I purchase something from Myntra, most of time I get coupons on my purchase, and I get genuine products every time with great quality.",5.0,0,https://apps.apple.com/in/app/id907394059?see-all=reviews,en,2026-10-02T11:14:19+00:00,appstore_907394059_20261002T111441.json
appstore:14609787500,appstore,0,Myntra on the IN App Store,117ff4a89a7e27e0,2026-09-30T05:38:39+00:00,Best for online shopping apparel and beauty,5.0,0,https://apps.apple.com/in/app/id907394059?see-all=reviews,en,2026-10-02T11:14:22+00:00,appstore_907394059_20261002T111441.json
appstore:14609747493,appstore,1,Myntra on the IN App Store,62093bd23f06ed0b,2026-09-30T05:19:30+00:00,Myntra is an awesome shopping app and I am a loyal myntrian 😃Nagesh PIngale,5.0,0,https://apps.apple.com/in/app/id907394059?see-all=reviews,en,2026-10-02T11:14:22+00:00,appstore_907394059_20261002T111441.json
appstore:14609739125,appstore,0,Myntra on the IN App Store,c6e3de0d26c9e189,2026-09-30T05:15:29+00:00,Great,5.0,0,https://apps.apple.com/in/app/id907394059?see-all=reviews,en,2026-10-02T11:14:22+00:00,appstore_907394059_20261002T111441.json
appstore:14609732489,appstore,1,Myntra on the IN App Store,82a8eae74051cff4,2026-09-30T05:12:18+00:00,"Every time I m stressed 
I open up Myntra and starts shopping it’s my way of relaxing and truly Myntra never disappoints me",5.0,0,https://apps.apple.com/in/app/id907394059?see-all=reviews,en,2026-10-02T11:14:22+00:00,appstore_907394059_20261002T111441.json
appstore:14609711433,appstore,0,Myntra on the IN App Store,9e1576c8caadb24f,2026-09-30T05:02:18+00:00,It’s a nice saree worth the price,4.0,0,https://apps.apple.com/in/app/id907394059?see-all=reviews,en,2026-10-02T11:14:22+00:00,appstore_907394059_20261002T111441.json
appstore:14609697233,appstore,0,Myntra on the IN App Store,beeb0ac45154bfac,2026-09-30T04:55:38+00:00,Excellent,5.0,0,https://apps.apple.com/in/app/id907394059?see-all=reviews,en,2026-10-02T11:14:22+00:00,appstore_907394059_20261002T111441.json
appstore:14609693614,appstore,1,Myntra on the IN App Store,d12f825d08c40863,2026-09-30T04:53:54+00:00,"My best experience in this app, anything I need to buy MYNTRA is my first priority",5.0,0,https://apps.apple.com/in/app/id907394059?see-all=reviews,en,2026-10-02T11:14:22+00:00,appstore_907394059_20261002T111441.json
appstore:14609677990,appstore,0,Myntra on the IN App Store,29ea9c0eb8ee3056,2026-09-30T04:46:32+00:00,Saveeng,5.0,0,https://apps.apple.com/in/app/id907394059?see-all=reviews,en,2026-10-02T11:14:22+00:00,appstore_907394059_20261002T111441.json
appstore:14609633539,appstore,0,Myntra on the IN App Store,6847c4ddcf301317,2026-09-30T04:25:26+00:00,"Good product 
I has use this product,so amazing",5.0,0,https://apps.apple.com/in/app/id907394059?see-all=reviews,en,2026-10-02T11:14:22+00:00,appstore_907394059_20261002T111441.json
appstore:14609632910,appstore,0,Myntra on the IN App Store,c2db2bc2d9dec98f,2026-09-30T04:25:09+00:00,"Im
Loving the product love it",5.0,0,https://apps.apple.com/in/app/id907394059?see-all=reviews,en,2026-10-02T11:14:22+00:00,appstore_907394059_20261002T111441.json
appstore:14609632553,appstore,0,Myntra on the IN App Store,8a0b2fadf9bea908,2026-09-30T04:24:59+00:00,Perfect shoes,5.0,0,https://apps.apple.com/in/app/id907394059?see-all=reviews,en,2026-10-02T11:14:22+00:00,appstore_907394059_20261002T111441.json
appstore:14609608269,appstore,0,Myntra on the IN App Store,7581f2ca75d753ce,2026-09-30T04:13:34+00:00,Good fabric,5.0,0,https://apps.apple.com/in/app/id907394059?see-all=reviews,en,2026-10-02T11:14:22+00:00,appstore_907394059_20261002T111441.json
appstore:14609596528,appstore,0,Myntra on the IN App Store,2e1ae02d5a409f09,2026-09-30T04:08:07+00:00,Good,5.0,0,https://apps.apple.com/in/app/id907394059?see-all=reviews,en,2026-10-02T11:14:22+00:00,appstore_907394059_20261002T111441.json
appstore:14609581066,appstore,0,Myntra on the IN App Store,28a88b773c1a33a4,2026-09-30T04:00:51+00:00,"The fabric is excellent, and the color is great too. Overall, I received a very good product.",5.0,0,https://apps.apple.com/in/app/id907394059?see-all=reviews,en,2026-10-02T11:14:22+00:00,appstore_907394059_20261002T111441.json
appstore:14609569108,appstore,0,Myntra on the IN App Store,e659d0a537ead77a,2026-09-30T03:55:15+00:00,Good,4.0,0,https://apps.apple.com/in/app/id907394059?see-all=reviews,en,2026-10-02T11:14:22+00:00,appstore_907394059_20261002T111441.json
appstore:14609561135,appstore,1,Myntra on the IN App Store,b654b31c1ddddca8,2026-09-30T03:51:34+00:00,Myntra is one of my favourite shopping apps. The product description and reviews are helpful and usually smooth,5.0,0,https://apps.apple.com/in/app/id907394059?see-all=reviews,en,2026-10-02T11:14:22+00:00,appstore_907394059_20261002T111441.json
appstore:14609553551,appstore,0,Myntra on the IN App Store,8c50a59d44cacc58,2026-09-30T03:48:02+00:00,Fabulous,5.0,0,https://apps.apple.com/in/app/id907394059?see-all=reviews,en,2026-10-02T11:14:22+00:00,appstore_907394059_20261002T111441.json
appstore:14609504716,appstore,0,Myntra on the IN App Store,7757975f452c21f3,2026-09-30T03:26:09+00:00,Amazing,5.0,0,https://apps.apple.com/in/app/id907394059?see-all=reviews,en,2026-10-02T11:14:22+00:00,appstore_907394059_20261002T111441.json
appstore:14609475814,appstore,0,Myntra on the IN App Store,7e3f956f49088844,2026-09-30T03:13:28+00:00,Good product,5.0,0,https://apps.apple.com/in/app/id907394059?see-all=reviews,en,2026-10-02T11:14:22+00:00,appstore_907394059_20261002T111441.json
appstore:14609450165,appstore,0,Myntra on the IN App Store,fd9c24158c22d720,2026-09-30T03:02:31+00:00,Genuine Products,5.0,0,https://apps.apple.com/in/app/id907394059?see-all=reviews,en,2026-10-02T11:14:22+00:00,appstore_907394059_20261002T111441.json
appstore:14609344647,appstore,0,Myntra on the IN App Store,ec078c6e4bbb58ca,2026-09-30T02:18:18+00:00,Good,5.0,0,https://apps.apple.com/in/app/id907394059?see-all=reviews,en,2026-10-02T11:14:22+00:00,appstore_907394059_20261002T111441.json
appstore:14609312779,appstore,0,Myntra on the IN App Store,6d3173c9b4d66cbd,2026-09-30T02:05:23+00:00,Like product nice quality and fit,5.0,0,https://apps.apple.com/in/app/id907394059?see-all=reviews,en,2026-10-02T11:14:22+00:00,appstore_907394059_20261002T111441.json
appstore:14609233793,appstore,0,Myntra on the IN App Store,6d19b3cf8d197c4e,2026-09-30T01:33:52+00:00,Enjoyed shopping,4.0,0,https://apps.apple.com/in/app/id907394059?see-all=reviews,en,2026-10-02T11:14:22+00:00,appstore_907394059_20261002T111441.json
appstore:14609223661,appstore,0,Myntra on the IN App Store,d6141b60f0c489b8,2026-09-30T01:29:48+00:00,Singh 🥰,4.0,0,https://apps.apple.com/in/app/id907394059?see-all=reviews,en,2026-10-02T11:14:22+00:00,appstore_907394059_20261002T111441.json
appstore:14609032923,appstore,1,Myntra on the IN App Store,8840ce376e554352,2026-09-30T00:14:02+00:00,Excellent quality and Myntra is excellent trustable website,5.0,0,https://apps.apple.com/in/app/id907394059?see-all=reviews,en,2026-10-02T11:14:22+00:00,appstore_907394059_20261002T111441.json
appstore:14609030369,appstore,0,Myntra on the IN App Store,1f0f2695c6fef086,2026-09-30T00:12:59+00:00,Very good app,5.0,0,https://apps.apple.com/in/app/id907394059?see-all=reviews,en,2026-10-02T11:14:22+00:00,appstore_907394059_20261002T111441.json
appstore:14609022175,appstore,0,Myntra on the IN App Store,471f2083582b201d,2026-09-30T00:09:44+00:00,Very good product,5.0,0,https://apps.apple.com/in/app/id907394059?see-all=reviews,en,2026-10-02T11:14:22+00:00,appstore_907394059_20261002T111441.json
appstore:14608889851,appstore,0,Myntra on the IN App Store,eeb76fcc1368c696,2026-09-29T23:15:14+00:00,Best,5.0,0,https://apps.apple.com/in/app/id907394059?see-all=reviews,en,2026-10-02T11:14:22+00:00,appstore_907394059_20261002T111441.json
appstore:14608608614,appstore,0,Myntra on the IN App Store,d347252c5a3d6026,2026-09-29T21:20:54+00:00,Nice,5.0,0,https://apps.apple.com/in/app/id907394059?see-all=reviews,en,2026-10-02T11:14:22+00:00,appstore_907394059_20261002T111441.json
appstore:14608575584,appstore,1,Myntra on the IN App Store,5820d0724cdfbc51,2026-09-29T21:08:00+00:00,Awesome products only on myntra,5.0,0,https://apps.apple.com/in/app/id907394059?see-all=reviews,en,2026-10-02T11:14:22+00:00,appstore_907394059_20261002T111441.json
appstore:14608549581,appstore,0,Myntra on the IN App Store,420cbbfa9464a945,2026-09-29T20:57:53+00:00,Best shopping experience overall recommend for all online shoppers,5.0,0,https://apps.apple.com/in/app/id907394059?see-all=reviews,en,2026-10-02T11:14:22+00:00,appstore_907394059_20261002T111441.json
appstore:14608536218,appstore,0,Myntra on the IN App Store,06528ca6b7471f88,2026-09-29T20:52:41+00:00,Nice,5.0,0,https://apps.apple.com/in/app/id907394059?see-all=reviews,en,2026-10-02T11:14:22+00:00,appstore_907394059_20261002T111441.json
appstore:14608517601,appstore,1,Myntra on the IN App Store,0021a9e68a2284d1,2026-09-29T20:45:43+00:00,It has become second MEESHO of India there are not verified sellers. I ordered a few items and they were not like pictures at all. The product was used. Some of the product was broken Colors were very different and the small brands and small vendors do not attach proper tags so it makes very difficult for us to return the product because the delivery agent says there is no tag I cant take this item and its Myntras fault earlier. Myntra used to have only verified brands but now it’s like Sarojini,1.0,0,https://apps.apple.com/in/app/id907394059?see-all=reviews,en,2026-10-02T11:14:22+00:00,appstore_907394059_20261002T111441.json
appstore:14608449023,appstore,0,Myntra on the IN App Store,cd2a6392b76dfaae,2026-09-29T20:19:42+00:00,Nice,5.0,0,https://apps.apple.com/in/app/id907394059?see-all=reviews,en,2026-10-02T11:14:22+00:00,appstore_907394059_20261002T111441.json
appstore:14608428614,appstore,0,Myntra on the IN App Store,aeb617d146dfbdb7,2026-09-29T20:12:08+00:00,Good option for online purchases,5.0,0,https://apps.apple.com/in/app/id907394059?see-all=reviews,en,2026-10-02T11:14:22+00:00,appstore_907394059_20261002T111441.json
appstore:14608416631,appstore,0,Myntra on the IN App Store,d4fb9857b3e08268,2026-09-29T20:07:41+00:00,Very good,4.0,0,https://apps.apple.com/in/app/id907394059?see-all=reviews,en,2026-10-02T11:14:22+00:00,appstore_907394059_20261002T111441.json
appstore:14608405894,appstore,0,Myntra on the IN App Store,eb74794c37d19f4e,2026-09-29T20:03:47+00:00,Awesome,5.0,0,https://apps.apple.com/in/app/id907394059?see-all=reviews,en,2026-10-02T11:14:22+00:00,appstore_907394059_20261002T111441.json
appstore:14608386578,appstore,0,Myntra on the IN App Store,5949d3f5b1ae3fad,2026-09-29T19:56:39+00:00,Good,5.0,0,https://apps.apple.com/in/app/id907394059?see-all=reviews,en,2026-10-02T11:14:22+00:00,appstore_907394059_20261002T111441.json
appstore:14608379490,appstore,0,Myntra on the IN App Store,8a0440d94fc18ff0,2026-09-29T19:54:03+00:00,Best online app,5.0,0,https://apps.apple.com/in/app/id907394059?see-all=reviews,en,2026-10-02T11:14:22+00:00,appstore_907394059_20261002T111441.json
appstore:14608318153,appstore,0,Myntra on the IN App Store,f0e5ba7b003daa19,2026-09-29T19:32:13+00:00,Reliable and sorted options for products,5.0,0,https://apps.apple.com/in/app/id907394059?see-all=reviews,en,2026-10-02T11:14:22+00:00,appstore_907394059_20261002T111441.json
appstore:14608279890,appstore,1,Myntra on the IN App Store,bab2cf7f405a229b,2026-09-29T19:18:45+00:00,I am soo happy and  thank you and love you Myntra,5.0,0,https://apps.apple.com/in/app/id907394059?see-all=reviews,en,2026-10-02T11:14:22+00:00,appstore_907394059_20261002T111441.json
appstore:14608191931,appstore,0,Myntra on the IN App Store,12d09ecf2966dfb1,2026-09-29T18:48:21+00:00,Good,5.0,0,https://apps.apple.com/in/app/id907394059?see-all=reviews,en,2026-10-02T11:14:22+00:00,appstore_907394059_20261002T111441.json
appstore:14608191460,appstore,1,Myntra on the IN App Store,012136ff45b6ad6d,2026-09-29T18:48:12+00:00,"Myntra offers good variety, however the business model based on which it operates is a cheap mindset. When you buy multiple items, using coupons or any discounts (like bank vouchers), then you are in a trap. Even when the item they delivered is defective or damaged, the refund will be deducting the complete discount value which you got for the complete order which you bought. In a nutshell, these discounts are a waste and trap, if there are multiple items (obviously it will be there in any cart) Cause, if u return even 1 item for reasons which is not an issue you caused, customer is at loss. The complete discount is lost, making the entire purchase at a higher value than what initially was displayed during the check out (cause they deducted the complete discount from the return value of the 1 item)",1.0,0,https://apps.apple.com/in/app/id907394059?see-all=reviews,en,2026-10-02T11:14:22+00:00,appstore_907394059_20261002T111441.json
appstore:14608184506,appstore,0,Myntra on the IN App Store,46b31d838872edb2,2026-09-29T18:45:49+00:00,Years of maintaining consistent user experience.,5.0,0,https://apps.apple.com/in/app/id907394059?see-all=reviews,en,2026-10-02T11:14:22+00:00,appstore_907394059_20261002T111441.json
appstore:14608131858,appstore,0,Myntra on the IN App Store,74db3be569860729,2026-09-29T18:28:07+00:00,quick delivery,5.0,0,https://apps.apple.com/in/app/id907394059?see-all=reviews,en,2026-10-02T11:14:22+00:00,appstore_907394059_20261002T111441.json
appstore:14608093464,appstore,0,Myntra on the IN App Store,fb10e3ad41ee42f0,2026-09-29T18:15:10+00:00,Very good,5.0,0,https://apps.apple.com/in/app/id907394059?see-all=reviews,en,2026-10-02T11:14:22+00:00,appstore_907394059_20261002T111441.json
appstore:14608067694,appstore,0,Myntra on the IN App Store,c8fb360a1f08da98,2026-09-29T18:06:31+00:00,The dress was so light and relaxable and fitting was also as it is shown in the picture and the most important is the stunning look of this dress,5.0,0,https://apps.apple.com/in/app/id907394059?see-all=reviews,en,2026-10-02T11:14:22+00:00,appstore_907394059_20261002T111441.json
appstore:14608064795,appstore,0,Myntra on the IN App Store,ac3b9f36f1c32a17,2026-09-29T18:05:33+00:00,It’s mind blowing,5.0,0,https://apps.apple.com/in/app/id907394059?see-all=reviews,en,2026-10-02T11:14:22+00:00,appstore_907394059_20261002T111441.json
appstore:14608052647,appstore,0,Myntra on the IN App Store,7eb674d9c3ed0413,2026-09-29T18:01:30+00:00,"The scrolling keeps coming to top when I come back to previous screen and again I have to scroll down to the items viewed earlier, irritating",1.0,0,https://apps.apple.com/in/app/id907394059?see-all=reviews,en,2026-10-02T11:14:22+00:00,appstore_907394059_20261002T111441.json
appstore:14608033752,appstore,1,Myntra on the IN App Store,52602d839c23ba8a,2026-09-29T17:55:16+00:00,Thanks Myntra,5.0,0,https://apps.apple.com/in/app/id907394059?see-all=reviews,en,2026-10-02T11:14:22+00:00,appstore_907394059_20261002T111441.json
appstore:14608032696,appstore,0,Myntra on the IN App Store,735ccb4611ffaea7,2026-09-29T17:54:56+00:00,Recommend for everyone this shopping app ever...,5.0,0,https://apps.apple.com/in/app/id907394059?see-all=reviews,en,2026-10-02T11:14:25+00:00,appstore_907394059_20261002T111441.json
appstore:14608015459,appstore,0,Myntra on the IN App Store,476fa73516cfbc3b,2026-09-29T17:49:14+00:00,Nice,5.0,0,https://apps.apple.com/in/app/id907394059?see-all=reviews,en,2026-10-02T11:14:25+00:00,appstore_907394059_20261002T111441.json
appstore:14607999902,appstore,0,Myntra on the IN App Store,f85b12f9d9f33109,2026-09-29T17:44:05+00:00,A bit transparent for elderly women,5.0,0,https://apps.apple.com/in/app/id907394059?see-all=reviews,en,2026-10-02T11:14:25+00:00,appstore_907394059_20261002T111441.json
appstore:14607919738,appstore,0,Myntra on the IN App Store,631baccc22b736ca,2026-09-29T17:17:52+00:00,Very satisfied,5.0,0,https://apps.apple.com/in/app/id907394059?see-all=reviews,en,2026-10-02T11:14:25+00:00,appstore_907394059_20261002T111441.json
appstore:14607918062,appstore,0,Myntra on the IN App Store,b8855d38d6e0bc9f,2026-09-29T17:17:20+00:00,Good,5.0,0,https://apps.apple.com/in/app/id907394059?see-all=reviews,en,2026-10-02T11:14:25+00:00,appstore_907394059_20261002T111441.json
appstore:14607900485,appstore,0,Myntra on the IN App Store,b3dd9b9aa2920251,2026-09-29T17:11:41+00:00,super,5.0,0,https://apps.apple.com/in/app/id907394059?see-all=reviews,en,2026-10-02T11:14:25+00:00,appstore_907394059_20261002T111441.json
appstore:14607880307,appstore,0,Myntra on the IN App Store,0b469181736a0fe9,2026-09-29T17:05:15+00:00,I loved this super comfortable trouser,5.0,0,https://apps.apple.com/in/app/id907394059?see-all=reviews,en,2026-10-02T11:14:25+00:00,appstore_907394059_20261002T111441.json
appstore:14607833540,appstore,0,Myntra on the IN App Store,3157d8e73d40aa5c,2026-09-29T16:50:19+00:00,"My last 8-10 orders cancelled without any reason 
Pathetic app
Don’t use",1.0,0,https://apps.apple.com/in/app/id907394059?see-all=reviews,en,2026-10-02T11:14:25+00:00,appstore_907394059_20261002T111441.json
appstore:14607771107,appstore,0,Myntra on the IN App Store,9516fdc76b0d8868,2026-09-29T16:30:44+00:00,Worth buying this cord set,5.0,0,https://apps.apple.com/in/app/id907394059?see-all=reviews,en,2026-10-02T11:14:25+00:00,appstore_907394059_20261002T111441.json
appstore:14607737184,appstore,1,Myntra on the IN App Store,a4a2635cb98080c9,2026-09-29T16:20:03+00:00,Best best experience ever. Love the Myntra clothes and love the spin and win the cash.,5.0,0,https://apps.apple.com/in/app/id907394059?see-all=reviews,en,2026-10-02T11:14:25+00:00,appstore_907394059_20261002T111441.json
appstore:14607726312,appstore,0,Myntra on the IN App Store,8d6557a6e0ddfab8,2026-09-29T16:16:40+00:00,Very good Product,5.0,0,https://apps.apple.com/in/app/id907394059?see-all=reviews,en,2026-10-02T11:14:25+00:00,appstore_907394059_20261002T111441.json
appstore:14607699640,appstore,1,Myntra on the IN App Store,a44ce897ef0f4358,2026-09-29T16:08:34+00:00,Thank you Myntra,5.0,0,https://apps.apple.com/in/app/id907394059?see-all=reviews,en,2026-10-02T11:14:25+00:00,appstore_907394059_20261002T111441.json
appstore:14607681240,appstore,0,Myntra on the IN App Store,dcee03ee106f6d52,2026-09-29T16:03:00+00:00,❤️❤️❤️,5.0,0,https://apps.apple.com/in/app/id907394059?see-all=reviews,en,2026-10-02T11:14:25+00:00,appstore_907394059_20261002T111441.json
appstore:14607674071,appstore,0,Myntra on the IN App Store,791b724353c4901f,2026-09-29T16:00:50+00:00,"Beautiful dress, it suits me so much, really liked the fit.",5.0,0,https://apps.apple.com/in/app/id907394059?see-all=reviews,en,2026-10-02T11:14:25+00:00,appstore_907394059_20261002T111441.json
appstore:14607641275,appstore,0,Myntra on the IN App Store,f2285837174af734,2026-09-29T15:50:55+00:00,Great 👍,5.0,0,https://apps.apple.com/in/app/id907394059?see-all=reviews,en,2026-10-02T11:14:25+00:00,appstore_907394059_20261002T111441.json
appstore:14607638812,appstore,0,Myntra on the IN App Store,8c58252dac25f896,2026-09-29T15:50:10+00:00,"It’s as easy as I think what i need, like what’s in my mind it’s already there….. 
loved it❤️✨",5.0,0,https://apps.apple.com/in/app/id907394059?see-all=reviews,en,2026-10-02T11:14:25+00:00,appstore_907394059_20261002T111441.json
appstore:14607637093,appstore,0,Myntra on the IN App Store,6b7d963163350bf0,2026-09-29T15:49:37+00:00,Nice perfume,5.0,0,https://apps.apple.com/in/app/id907394059?see-all=reviews,en,2026-10-02T11:14:25+00:00,appstore_907394059_20261002T111441.json
appstore:14607610588,appstore,1,Myntra on the IN App Store,d0318c32455f25ed,2026-09-29T15:41:37+00:00,"“Myntra is an absolute game-changer for online shopping! The app is easy to navigate, and the variety of brands and styles available is impressive. Whether I’m looking for everyday wear or something special, Myntra always has exactly what I need. The quality of the products is consistently great, and the size guides are accurate, which makes shopping online so much easier. Delivery is always on time, and customer service is responsive and helpful. Plus, they offer amazing deals and discounts that make shopping even more enjoyable. Highly recommended for anyone who loves fashion!”

5/5 ⭐",5.0,0,https://apps.apple.com/in/app/id907394059?see-all=reviews,en,2026-10-02T11:14:25+00:00,appstore_907394059_20261002T111441.json
appstore:14607610073,appstore,1,Myntra on the IN App Store,eb538331bb51bdf9,2026-09-29T15:41:28+00:00,The best app for one stop shop! Thankyou Myntra,5.0,0,https://apps.apple.com/in/app/id907394059?see-all=reviews,en,2026-10-02T11:14:25+00:00,appstore_907394059_20261002T111441.json
appstore:14607555060,appstore,0,Myntra on the IN App Store,3cdafedf5a17284e,2026-09-29T15:25:15+00:00,Good quality products,5.0,0,https://apps.apple.com/in/app/id907394059?see-all=reviews,en,2026-10-02T11:14:25+00:00,appstore_907394059_20261002T111441.json
appstore:14607513276,appstore,1,Myntra on the IN App Store,10e1c0c08735017a,2026-09-29T15:13:06+00:00,"Very good products & in a pocket friendly budget. Myntra is my first choice for online shopping but a bit disappointed these days by the offers & no coupons on expensive brands, whereas AJIO, Amazon & other platforms are challenging the market space. Offers & coupons are not as exciting as before though i’m an insider so it doesn’t bothers much but still the platform fee & cod charges are diverting minds of regular customers like us, whereas other platforms like Amazon doesn’t have any convenience fee nor cod charges, so i hope Myntra can also work on it if they seriously want to keep the competition coz these days there is heavy competition on e-commerce platforms & the convenience fee or platform fee along with cod charges is a real mater of concern for customers now a days...
Could be better & more satisfying🤝",5.0,0,https://apps.apple.com/in/app/id907394059?see-all=reviews,en,2026-10-02T11:14:25+00:00,appstore_907394059_20261002T111441.json
appstore:14607394118,appstore,0,Myntra on the IN App Store,c5a34652ede177d5,2026-09-29T14:38:41+00:00,Good,5.0,0,https://apps.apple.com/in/app/id907394059?see-all=reviews,en,2026-10-02T11:14:25+00:00,appstore_907394059_20261002T111441.json
appstore:14607381443,appstore,0,Myntra on the IN App Store,2f99328638effb8d,2026-09-29T14:35:00+00:00,Love the quality,5.0,0,https://apps.apple.com/in/app/id907394059?see-all=reviews,en,2026-10-02T11:14:25+00:00,appstore_907394059_20261002T111441.json
appstore:14607377185,appstore,0,Myntra on the IN App Store,869e1b992b99c6d2,2026-09-29T14:33:47+00:00,Jeans,5.0,0,https://apps.apple.com/in/app/id907394059?see-all=reviews,en,2026-10-02T11:14:25+00:00,appstore_907394059_20261002T111441.json
appstore:14607347025,appstore,0,Myntra on the IN App Store,1c4662314a56b0c3,2026-09-29T14:25:02+00:00,Good quality,5.0,0,https://apps.apple.com/in/app/id907394059?see-all=reviews,en,2026-10-02T11:14:25+00:00,appstore_907394059_20261002T111441.json
appstore:14607304211,appstore,0,Myntra on the IN App Store,eeebd63a25a3de33,2026-09-29T14:12:31+00:00,it was a very good app,5.0,0,https://apps.apple.com/in/app/id907394059?see-all=reviews,en,2026-10-02T11:14:25+00:00,appstore_907394059_20261002T111441.json
appstore:14607298482,appstore,0,Myntra on the IN App Store,fbc6a20e1fc7a294,2026-09-29T14:10:51+00:00,"App has good collection but bit pricy compared to other apps like flipkart, amazon . Also the discounts and offers are very volatile",4.0,0,https://apps.apple.com/in/app/id907394059?see-all=reviews,en,2026-10-02T11:14:25+00:00,appstore_907394059_20261002T111441.json
appstore:14607298106,appstore,0,Myntra on the IN App Store,d27017259fb7d116,2026-09-29T14:10:45+00:00,Every time i got the same exact product as the picture they shown,5.0,0,https://apps.apple.com/in/app/id907394059?see-all=reviews,en,2026-10-02T11:14:25+00:00,appstore_907394059_20261002T111441.json
appstore:14607276206,appstore,0,Myntra on the IN App Store,58cf0aab30aad4ed,2026-09-29T14:04:19+00:00,Original and genuine products are here.,5.0,0,https://apps.apple.com/in/app/id907394059?see-all=reviews,en,2026-10-02T11:14:25+00:00,appstore_907394059_20261002T111441.json
appstore:14607275864,appstore,1,Myntra on the IN App Store,c94325f471f3bcf7,2026-09-29T14:04:13+00:00,"Myntra offers a smooth and convenient shopping experience with a wide range of fashion, footwear, and accessories. The app is easy to navigate, product selection is extensive, and the filters make it simple to find exactly what you need. Product descriptions and reviews are helpful, and the ordering and delivery process is generally hassle-free. Overall, a reliable app for online fashion shopping.",5.0,0,https://apps.apple.com/in/app/id907394059?see-all=reviews,en,2026-10-02T11:14:25+00:00,appstore_907394059_20261002T111441.json
appstore:14607235171,appstore,1,Myntra on the IN App Store,e0ccba5b14a66537,2026-09-29T13:52:18+00:00,I shopped myntra since 2010 nd my wardrobe full with myntra clothes.. love it,5.0,0,https://apps.apple.com/in/app/id907394059?see-all=reviews,en,2026-10-02T11:14:25+00:00,appstore_907394059_20261002T111441.json
appstore:14607217204,appstore,0,Myntra on the IN App Store,99677b2be6e40442,2026-09-29T13:46:59+00:00,Amazing platform and collection,4.0,0,https://apps.apple.com/in/app/id907394059?see-all=reviews,en,2026-10-02T11:14:25+00:00,appstore_907394059_20261002T111441.json
appstore:14607179537,appstore,0,Myntra on the IN App Store,52040028be6f15f4,2026-09-29T13:35:45+00:00,Good,5.0,0,https://apps.apple.com/in/app/id907394059?see-all=reviews,en,2026-10-02T11:14:25+00:00,appstore_907394059_20261002T111441.json
appstore:14607142157,appstore,0,Myntra on the IN App Store,f2a97ce43d85b717,2026-09-29T13:24:41+00:00,Amazing aap,5.0,0,https://apps.apple.com/in/app/id907394059?see-all=reviews,en,2026-10-02T11:14:25+00:00,appstore_907394059_20261002T111441.json
appstore:14607089209,appstore,0,Myntra on the IN App Store,7f54f162cd4d9cfb,2026-09-29T13:08:44+00:00,Amazing shade,5.0,0,https://apps.apple.com/in/app/id907394059?see-all=reviews,en,2026-10-02T11:14:25+00:00,appstore_907394059_20261002T111441.json
appstore:14607086931,appstore,0,Myntra on the IN App Store,fd6435f954fe0f29,2026-09-29T13:08:02+00:00,Great offers,5.0,0,https://apps.apple.com/in/app/id907394059?see-all=reviews,en,2026-10-02T11:14:25+00:00,appstore_907394059_20261002T111441.json
appstore:14607085385,appstore,0,Myntra on the IN App Store,71ed52983c37a7c9,2026-09-29T13:07:36+00:00,Bought this for my daughter’s kg graduation dance.. superb quality fabric and great fit.,5.0,0,https://apps.apple.com/in/app/id907394059?see-all=reviews,en,2026-10-02T11:14:25+00:00,appstore_907394059_20261002T111441.json
appstore:14607083587,appstore,0,Myntra on the IN App Store,f8f1db3e30825af7,2026-09-29T13:07:04+00:00,Nice,5.0,0,https://apps.apple.com/in/app/id907394059?see-all=reviews,en,2026-10-02T11:14:25+00:00,appstore_907394059_20261002T111441.json
appstore:14607068254,appstore,0,Myntra on the IN App Store,ca8ff6513c9536a6,2026-09-29T13:02:28+00:00,Good,5.0,0,https://apps.apple.com/in/app/id907394059?see-all=reviews,en,2026-10-02T11:14:25+00:00,appstore_907394059_20261002T111441.json
appstore:14607068104,appstore,0,Myntra on the IN App Store,d617b5ddf2c4cbb6,2026-09-29T13:02:25+00:00,Good,5.0,0,https://apps.apple.com/in/app/id907394059?see-all=reviews,en,2026-10-02T11:14:25+00:00,appstore_907394059_20261002T111441.json
appstore:14607049864,appstore,0,Myntra on the IN App Store,68a41839c56bc1e2,2026-09-29T12:56:51+00:00,I like the return and refund policy very much because images are sometimes very different in actual,5.0,0,https://apps.apple.com/in/app/id907394059?see-all=reviews,en,2026-10-02T11:14:25+00:00,appstore_907394059_20261002T111441.json
appstore:14607035366,appstore,0,Myntra on the IN App Store,a173328a39cf6074,2026-09-29T12:52:18+00:00,Great and timing parfect,5.0,0,https://apps.apple.com/in/app/id907394059?see-all=reviews,en,2026-10-02T11:14:25+00:00,appstore_907394059_20261002T111441.json
appstore:14606979474,appstore,0,Myntra on the IN App Store,d94f9e321d5006b6,2026-09-29T12:34:59+00:00,Wht a app mindblowinggggg,4.0,0,https://apps.apple.com/in/app/id907394059?see-all=reviews,en,2026-10-02T11:14:25+00:00,appstore_907394059_20261002T111441.json
appstore:14606949678,appstore,0,Myntra on the IN App Store,e416418c1fd60747,2026-09-29T12:25:38+00:00,these bottoms for the kids are very good and their fabric is very soft,5.0,0,https://apps.apple.com/in/app/id907394059?see-all=reviews,en,2026-10-02T11:14:25+00:00,appstore_907394059_20261002T111441.json
appstore:14606837451,appstore,0,Myntra on the IN App Store,88fe5f062c2390ca,2026-09-29T11:49:07+00:00,5 star,5.0,0,https://apps.apple.com/in/app/id907394059?see-all=reviews,en,2026-10-02T11:14:25+00:00,appstore_907394059_20261002T111441.json
appstore:14606802187,appstore,0,Myntra on the IN App Store,0532ae5572b5682a,2026-09-29T11:37:18+00:00,Top quality,5.0,0,https://apps.apple.com/in/app/id907394059?see-all=reviews,en,2026-10-02T11:14:25+00:00,appstore_907394059_20261002T111441.json
appstore:14606791369,appstore,1,Myntra on the IN App Store,41bf718fa5d47ffb,2026-09-29T11:33:36+00:00,Myntra Rocks ! All best brands available at best prices . WoW ✌🏻,5.0,0,https://apps.apple.com/in/app/id907394059?see-all=reviews,en,2026-10-02T11:14:25+00:00,appstore_907394059_20261002T111441.json
appstore:14606763040,appstore,0,Myntra on the IN App Store,428ef321a442ce6b,2026-09-29T11:23:49+00:00,Genuine products,5.0,0,https://apps.apple.com/in/app/id907394059?see-all=reviews,en,2026-10-02T11:14:25+00:00,appstore_907394059_20261002T111441.json
appstore:14606697768,appstore,0,Myntra on the IN App Store,65630336ca5f8e6c,2026-09-29T11:00:31+00:00,Good products,5.0,0,https://apps.apple.com/in/app/id907394059?see-all=reviews,en,2026-10-02T11:14:25+00:00,appstore_907394059_20261002T111441.json
appstore:14606657052,appstore,0,Myntra on the IN App Store,f3928475870dae65,2026-09-29T10:45:06+00:00,Sell copy products its not original and delivery experience not good,2.0,0,https://apps.apple.com/in/app/id907394059?see-all=reviews,en,2026-10-02T11:14:25+00:00,appstore_907394059_20261002T111441.json
appstore:14606647302,appstore,0,Myntra on the IN App Store,8f7f2235932f389c,2026-09-29T10:41:18+00:00,"Product Very perfect 
Packing good",5.0,0,https://apps.apple.com/in/app/id907394059?see-all=reviews,en,2026-10-02T11:14:28+00:00,appstore_907394059_20261002T111441.json
appstore:14606644995,appstore,0,Myntra on the IN App Store,5db4f192d4e112b2,2026-09-29T10:40:25+00:00,Great,5.0,0,https://apps.apple.com/in/app/id907394059?see-all=reviews,en,2026-10-02T11:14:28+00:00,appstore_907394059_20261002T111441.json
appstore:14606643272,appstore,0,Myntra on the IN App Store,b53cca0b166ac60a,2026-09-29T10:39:43+00:00,Good Service,5.0,0,https://apps.apple.com/in/app/id907394059?see-all=reviews,en,2026-10-02T11:14:28+00:00,appstore_907394059_20261002T111441.json
appstore:14606636192,appstore,0,Myntra on the IN App Store,c164bbfdd9cf6a9b,2026-09-29T10:36:57+00:00,The best shopping app,5.0,0,https://apps.apple.com/in/app/id907394059?see-all=reviews,en,2026-10-02T11:14:28+00:00,appstore_907394059_20261002T111441.json
appstore:14606615646,appstore,0,Myntra on the IN App Store,89503d918b6e1224,2026-09-29T10:28:51+00:00,Cgjh,5.0,0,https://apps.apple.com/in/app/id907394059?see-all=reviews,en,2026-10-02T11:14:28+00:00,appstore_907394059_20261002T111441.json
appstore:14606567977,appstore,0,Myntra on the IN App Store,1d63f9c64ec550e2,2026-09-29T10:09:19+00:00,Very good product,5.0,0,https://apps.apple.com/in/app/id907394059?see-all=reviews,en,2026-10-02T11:14:28+00:00,appstore_907394059_20261002T111441.json
appstore:14606541707,appstore,0,Myntra on the IN App Store,793f189051125ad8,2026-09-29T09:58:18+00:00,It’s worth the money,5.0,0,https://apps.apple.com/in/app/id907394059?see-all=reviews,en,2026-10-02T11:14:28+00:00,appstore_907394059_20261002T111441.json
appstore:14606510795,appstore,0,Myntra on the IN App Store,3e1e663232402a3d,2026-09-29T09:44:53+00:00,Yas,5.0,0,https://apps.apple.com/in/app/id907394059?see-all=reviews,en,2026-10-02T11:14:28+00:00,appstore_907394059_20261002T111441.json
appstore:14606491226,appstore,0,Myntra on the IN App Store,8eea06a8743f1d33,2026-09-29T09:36:08+00:00,Lovely patterns and good price,5.0,0,https://apps.apple.com/in/app/id907394059?see-all=reviews,en,2026-10-02T11:14:28+00:00,appstore_907394059_20261002T111441.json
appstore:14606473843,appstore,0,Myntra on the IN App Store,af4e885043caaf5f,2026-09-29T09:28:23+00:00,Good,5.0,0,https://apps.apple.com/in/app/id907394059?see-all=reviews,en,2026-10-02T11:14:28+00:00,appstore_907394059_20261002T111441.json
appstore:14606472912,appstore,1,Myntra on the IN App Store,414275fc6078ea6c,2026-09-29T09:27:58+00:00,"Myntra is a convenient app for shopping for clothes, footwear, beauty products, and accessories. It has a wide variety of brands and products, and the app is easy to use. The product descriptions, customer reviews, and size guides are helpful when choosing products. Delivery is generally quick, and the return and exchange process is also convenient. Overall, it provides a good online shopping experience with frequent discounts and offers.",5.0,0,https://apps.apple.com/in/app/id907394059?see-all=reviews,en,2026-10-02T11:14:28+00:00,appstore_907394059_20261002T111441.json
appstore:14606472434,appstore,1,Myntra on the IN App Store,e709fa152188a306,2026-09-29T09:27:47+00:00,I love Myntra,5.0,0,https://apps.apple.com/in/app/id907394059?see-all=reviews,en,2026-10-02T11:14:28+00:00,appstore_907394059_20261002T111441.json
appstore:14606467159,appstore,1,Myntra on the IN App Store,fe070f2651ba8e64,2026-09-29T09:25:23+00:00,Myntra is a cheat and fraud,1.0,1,https://apps.apple.com/in/app/id907394059?see-all=reviews,en,2026-10-02T11:14:28+00:00,appstore_907394059_20261002T111441.json
appstore:14606464868,appstore,0,Myntra on the IN App Store,ab07c270a0fe6903,2026-09-29T09:24:23+00:00,"Clothing, shoes, watches, gadgets, wearables, anything.. one stop to shop.🫶🏻",5.0,0,https://apps.apple.com/in/app/id907394059?see-all=reviews,en,2026-10-02T11:14:28+00:00,appstore_907394059_20261002T111441.json
appstore:14606462727,appstore,0,Myntra on the IN App Store,ae3ba9bf7f5b362c,2026-09-29T09:23:24+00:00,Beautiful bag! Looked out very much,5.0,0,https://apps.apple.com/in/app/id907394059?see-all=reviews,en,2026-10-02T11:14:28+00:00,appstore_907394059_20261002T111441.json
appstore:14606458267,appstore,0,Myntra on the IN App Store,30ad9107803ef04b,2026-09-29T09:21:23+00:00,5start,4.0,0,https://apps.apple.com/in/app/id907394059?see-all=reviews,en,2026-10-02T11:14:28+00:00,appstore_907394059_20261002T111441.json
appstore:14606440433,appstore,0,Myntra on the IN App Store,fb4dd0ffdbf53021,2026-09-29T09:13:14+00:00,Whole journey from discovery to delivery and returns if any is fast and seamless,5.0,0,https://apps.apple.com/in/app/id907394059?see-all=reviews,en,2026-10-02T11:14:28+00:00,appstore_907394059_20261002T111441.json
appstore:14606428915,appstore,0,Myntra on the IN App Store,0393354e3a60098a,2026-09-29T09:07:56+00:00,most of my wadrobe comes from here,5.0,0,https://apps.apple.com/in/app/id907394059?see-all=reviews,en,2026-10-02T11:14:28+00:00,appstore_907394059_20261002T111441.json
appstore:14606419172,appstore,0,Myntra on the IN App Store,5a665fe50a74f55e,2026-09-29T09:03:26+00:00,This is the best app for shopping that I’ve ever used,5.0,0,https://apps.apple.com/in/app/id907394059?see-all=reviews,en,2026-10-02T11:14:28+00:00,appstore_907394059_20261002T111441.json
appstore:14606390304,appstore,0,Myntra on the IN App Store,497cc9578fb2bd1c,2026-09-29T08:50:06+00:00,I had raised complaint for exchange in change of size and received message exchange canceled they have sent a short size and now atleast they can’t send exchange i enquired for customer care.They had called and for 5min no one was responding and talking in background no one was responding until I disconnected call.very disappointing customer service they are there only to sell and leave no service for customer care also am using this app from more than 8years this is the response i receive.,1.0,0,https://apps.apple.com/in/app/id907394059?see-all=reviews,en,2026-10-02T11:14:28+00:00,appstore_907394059_20261002T111441.json
appstore:14606381787,appstore,0,Myntra on the IN App Store,5bdc7a0a3899051c,2026-09-29T08:46:07+00:00,wonderful,5.0,0,https://apps.apple.com/in/app/id907394059?see-all=reviews,en,2026-10-02T11:14:28+00:00,appstore_907394059_20261002T111441.json
appstore:14606378352,appstore,0,Myntra on the IN App Store,6a3ae3b548817a54,2026-09-29T08:44:29+00:00,Best quality,5.0,0,https://apps.apple.com/in/app/id907394059?see-all=reviews,en,2026-10-02T11:14:28+00:00,appstore_907394059_20261002T111441.json
appstore:14606369774,appstore,0,Myntra on the IN App Store,97430df06974c767,2026-09-29T08:40:31+00:00,Nice,5.0,0,https://apps.apple.com/in/app/id907394059?see-all=reviews,en,2026-10-02T11:14:28+00:00,appstore_907394059_20261002T111441.json
appstore:14606342767,appstore,1,Myntra on the IN App Store,41cdd5032e28fc15,2026-09-29T08:27:42+00:00,Suparbbbbbbbbb osam extraprdinary thank u so much myntra team i love u myntra team,5.0,0,https://apps.apple.com/in/app/id907394059?see-all=reviews,en,2026-10-02T11:14:28+00:00,appstore_907394059_20261002T111441.json
appstore:14606334599,appstore,0,Myntra on the IN App Store,869018d158d26984,2026-09-29T08:23:42+00:00,Great app and very user friendly. Awesome and my favourite app . No 1 app,5.0,0,https://apps.apple.com/in/app/id907394059?see-all=reviews,en,2026-10-02T11:14:28+00:00,appstore_907394059_20261002T111441.json
appstore:14606323773,appstore,0,Myntra on the IN App Store,082a36d761908d13,2026-09-29T08:18:30+00:00,This is a very good quality pair of socks with grip and softness if you like to workout then this should be your goto  everyday sock.,5.0,0,https://apps.apple.com/in/app/id907394059?see-all=reviews,en,2026-10-02T11:14:28+00:00,appstore_907394059_20261002T111441.json
appstore:14606315653,appstore,0,Myntra on the IN App Store,ba494ec8340ca9db,2026-09-29T08:14:35+00:00,😍😍😍,5.0,0,https://apps.apple.com/in/app/id907394059?see-all=reviews,en,2026-10-02T11:14:28+00:00,appstore_907394059_20261002T111441.json
appstore:14606302466,appstore,0,Myntra on the IN App Store,65981160318b89f9,2026-09-29T08:08:15+00:00,easy to shop and cod easy to return so so good for shooping llve it,5.0,0,https://apps.apple.com/in/app/id907394059?see-all=reviews,en,2026-10-02T11:14:28+00:00,appstore_907394059_20261002T111441.json
appstore:14606288445,appstore,0,Myntra on the IN App Store,290092b112bffc8d,2026-09-29T08:01:24+00:00,Quality wise amazing,4.0,0,https://apps.apple.com/in/app/id907394059?see-all=reviews,en,2026-10-02T11:14:28+00:00,appstore_907394059_20261002T111441.json
appstore:14606280439,appstore,0,Myntra on the IN App Store,bcbb2e45a1587a63,2026-09-29T07:57:28+00:00,It’s just comfy to use wherever u go,5.0,0,https://apps.apple.com/in/app/id907394059?see-all=reviews,en,2026-10-02T11:14:28+00:00,appstore_907394059_20261002T111441.json
appstore:14606272587,appstore,0,Myntra on the IN App Store,ca20c36fd3adbe8e,2026-09-29T07:53:37+00:00,Helpfully,5.0,0,https://apps.apple.com/in/app/id907394059?see-all=reviews,en,2026-10-02T11:14:28+00:00,appstore_907394059_20261002T111441.json
appstore:14606262956,appstore,0,Myntra on the IN App Store,fd32264e5f1397af,2026-09-29T07:48:58+00:00,Fabulous,5.0,0,https://apps.apple.com/in/app/id907394059?see-all=reviews,en,2026-10-02T11:14:28+00:00,appstore_907394059_20261002T111441.json
appstore:14606255194,appstore,0,Myntra on the IN App Store,8d3cd6c0d50cdf4d,2026-09-29T07:45:07+00:00,Good,5.0,0,https://apps.apple.com/in/app/id907394059?see-all=reviews,en,2026-10-02T11:14:28+00:00,appstore_907394059_20261002T111441.json
appstore:14606238579,appstore,0,Myntra on the IN App Store,536c8520bd63b19f,2026-09-29T07:37:06+00:00,Good discount for women’s,5.0,0,https://apps.apple.com/in/app/id907394059?see-all=reviews,en,2026-10-02T11:14:28+00:00,appstore_907394059_20261002T111441.json
appstore:14606237695,appstore,0,Myntra on the IN App Store,0f0b0a829e30584d,2026-09-29T07:36:40+00:00,Good product,5.0,0,https://apps.apple.com/in/app/id907394059?see-all=reviews,en,2026-10-02T11:14:28+00:00,appstore_907394059_20261002T111441.json
appstore:14606237358,appstore,0,Myntra on the IN App Store,1033849c58f410ba,2026-09-29T07:36:30+00:00,Very nice product girls go for it,5.0,0,https://apps.apple.com/in/app/id907394059?see-all=reviews,en,2026-10-02T11:14:28+00:00,appstore_907394059_20261002T111441.json
appstore:14606226809,appstore,0,Myntra on the IN App Store,fdfee86055394bb1,2026-09-29T07:31:23+00:00,Nice app,5.0,0,https://apps.apple.com/in/app/id907394059?see-all=reviews,en,2026-10-02T11:14:28+00:00,appstore_907394059_20261002T111441.json
appstore:14606225600,appstore,0,Myntra on the IN App Store,af590af7c4a2b6ed,2026-09-29T07:30:49+00:00,Very good,5.0,0,https://apps.apple.com/in/app/id907394059?see-all=reviews,en,2026-10-02T11:14:28+00:00,appstore_907394059_20261002T111441.json
appstore:14606211845,appstore,0,Myntra on the IN App Store,f2f13ca5fd782919,2026-09-29T07:24:06+00:00,Very good,5.0,0,https://apps.apple.com/in/app/id907394059?see-all=reviews,en,2026-10-02T11:14:28+00:00,appstore_907394059_20261002T111441.json
appstore:14606166708,appstore,0,Myntra on the IN App Store,c66c8f0591b1a50f,2026-09-29T07:02:13+00:00,Amazing,5.0,0,https://apps.apple.com/in/app/id907394059?see-all=reviews,en,2026-10-02T11:14:28+00:00,appstore_907394059_20261002T111441.json
appstore:14606147871,appstore,0,Myntra on the IN App Store,a00391c3d05f1144,2026-09-29T06:53:02+00:00,Good app,4.0,0,https://apps.apple.com/in/app/id907394059?see-all=reviews,en,2026-10-02T11:14:28+00:00,appstore_907394059_20261002T111441.json
appstore:14606120906,appstore,0,Myntra on the IN App Store,784080455b32c1f8,2026-09-29T06:39:52+00:00,Good,5.0,0,https://apps.apple.com/in/app/id907394059?see-all=reviews,en,2026-10-02T11:14:28+00:00,appstore_907394059_20261002T111441.json
appstore:14606093998,appstore,0,Myntra on the IN App Store,eb23edc5364d203b,2026-09-29T06:26:34+00:00,Excellent stuff n excellent service,5.0,0,https://apps.apple.com/in/app/id907394059?see-all=reviews,en,2026-10-02T11:14:28+00:00,appstore_907394059_20261002T111441.json
appstore:14606056794,appstore,0,Myntra on the IN App Store,72839c632c65a39a,2026-09-29T06:08:14+00:00,Nice,5.0,0,https://apps.apple.com/in/app/id907394059?see-all=reviews,en,2026-10-02T11:14:28+00:00,appstore_907394059_20261002T111441.json
appstore:14606038759,appstore,1,Myntra on the IN App Store,6c9e558d8f572a56,2026-09-29T05:59:20+00:00,This option has taken shopping on Myntra to another level. Super happy with this option. It is so convenient and easy,5.0,0,https://apps.apple.com/in/app/id907394059?see-all=reviews,en,2026-10-02T11:14:28+00:00,appstore_907394059_20261002T111441.json
appstore:14606015375,appstore,0,Myntra on the IN App Store,91b7e7142a02172f,2026-09-29T05:47:43+00:00,Good service,5.0,0,https://apps.apple.com/in/app/id907394059?see-all=reviews,en,2026-10-02T11:14:28+00:00,appstore_907394059_20261002T111441.json
appstore:14606014402,appstore,0,Myntra on the IN App Store,baee25a470343c87,2026-09-29T05:47:15+00:00,Lovely app good response,5.0,0,https://apps.apple.com/in/app/id907394059?see-all=reviews,en,2026-10-02T11:14:28+00:00,appstore_907394059_20261002T111441.json
appstore:14605996328,appstore,1,Myntra on the IN App Store,ec0d2b003ed94708,2026-09-29T05:38:10+00:00,I m so happy for Myntra service n all my purchases product thank u myntra,5.0,0,https://apps.apple.com/in/app/id907394059?see-all=reviews,en,2026-10-02T11:14:28+00:00,appstore_907394059_20261002T111441.json
appstore:14605994708,appstore,0,Myntra on the IN App Store,906c00889d893389,2026-09-29T05:37:20+00:00,"mcom min hub scam scam scam and coming usa china is a scam covid was a scam 
save good people
my google accounts are hacked since 2019
usa china is a scam 
covid was a SCAM for INDIA
Riddhi Sandeep Pansare",5.0,0,https://apps.apple.com/in/app/id907394059?see-all=reviews,en,2026-10-02T11:14:28+00:00,appstore_907394059_20261002T111441.json
appstore:14605967148,appstore,0,Myntra on the IN App Store,11784a2661a72126,2026-09-29T05:23:43+00:00,You guys and your packaging team are frauds for sure I ordered night suit with which I was supposed to get freebie of hyphen gentle cleanser and all I got was empty paper packet without cleanser tube and when I tried to initiated return request then I got to know it doesn’t have any and then I initiated exchange request and delivery guy came and told me he cannot accept empty packet without cleanser tube now tell me how am I supposed to get cleanser tube ….you fools..just your fraud tricks to attract customers and then your own team of packaging must have taken the tube and send this empty pouch because you think customers are fool,1.0,0,https://apps.apple.com/in/app/id907394059?see-all=reviews,en,2026-10-02T11:14:28+00:00,appstore_907394059_20261002T111441.json
appstore:14605959638,appstore,0,Myntra on the IN App Store,a377779e4c4954a6,2026-09-29T05:20:00+00:00,Best for shopping,5.0,0,https://apps.apple.com/in/app/id907394059?see-all=reviews,en,2026-10-02T11:14:31+00:00,appstore_907394059_20261002T111441.json
appstore:14605948309,appstore,0,Myntra on the IN App Store,ccf9b69de4657f61,2026-09-29T05:14:30+00:00,Do purchase,5.0,0,https://apps.apple.com/in/app/id907394059?see-all=reviews,en,2026-10-02T11:14:31+00:00,appstore_907394059_20261002T111441.json
appstore:14605939285,appstore,0,Myntra on the IN App Store,fcb6742bf46f9116,2026-09-29T05:10:09+00:00,Amazingly loving the product,5.0,0,https://apps.apple.com/in/app/id907394059?see-all=reviews,en,2026-10-02T11:14:31+00:00,appstore_907394059_20261002T111441.json
appstore:14605904764,appstore,0,Myntra on the IN App Store,49de604fbfab3c8f,2026-09-29T04:53:35+00:00,Osm clothes osm quality,5.0,0,https://apps.apple.com/in/app/id907394059?see-all=reviews,en,2026-10-02T11:14:31+00:00,appstore_907394059_20261002T111441.json
appstore:14605834702,appstore,0,Myntra on the IN App Store,5f563140de1efb71,2026-09-29T04:20:03+00:00,"fabric, colour, fitting, everything is perfect.",5.0,0,https://apps.apple.com/in/app/id907394059?see-all=reviews,en,2026-10-02T11:14:31+00:00,appstore_907394059_20261002T111441.json
appstore:14605793304,appstore,0,Myntra on the IN App Store,2e72a7c8c3bcb953,2026-09-29T04:00:34+00:00,Nice,5.0,0,https://apps.apple.com/in/app/id907394059?see-all=reviews,en,2026-10-02T11:14:31+00:00,appstore_907394059_20261002T111441.json
appstore:14605781037,appstore,0,Myntra on the IN App Store,ffd8f18f3a25eba8,2026-09-29T03:54:46+00:00,Nice product prise wise,5.0,0,https://apps.apple.com/in/app/id907394059?see-all=reviews,en,2026-10-02T11:14:31+00:00,appstore_907394059_20261002T111441.json
appstore:14605773918,appstore,0,Myntra on the IN App Store,14d1fe8ddd6b9a28,2026-09-29T03:51:24+00:00,Very good products with maximum discount on events.Appreciated!,5.0,0,https://apps.apple.com/in/app/id907394059?see-all=reviews,en,2026-10-02T11:14:31+00:00,appstore_907394059_20261002T111441.json
appstore:14605770805,appstore,0,Myntra on the IN App Store,34a6db5c39b57677,2026-09-29T03:49:57+00:00,Super,5.0,0,https://apps.apple.com/in/app/id907394059?see-all=reviews,en,2026-10-02T11:14:31+00:00,appstore_907394059_20261002T111441.json
appstore:14605762221,appstore,0,Myntra on the IN App Store,822072203bc42a16,2026-09-29T03:45:58+00:00,Woa produuct,5.0,0,https://apps.apple.com/in/app/id907394059?see-all=reviews,en,2026-10-02T11:14:31+00:00,appstore_907394059_20261002T111441.json
appstore:14605752361,appstore,1,Myntra on the IN App Store,b0a810d9f93c5bb3,2026-09-29T03:41:24+00:00,"Myntra is best in all aspects , even Amazon & FLIPKART not nearer to Myntra in many aspects …",5.0,0,https://apps.apple.com/in/app/id907394059?see-all=reviews,en,2026-10-02T11:14:31+00:00,appstore_907394059_20261002T111441.json
appstore:14605748972,appstore,0,Myntra on the IN App Store,42bf0b9df8a0dd2a,2026-09-29T03:39:50+00:00,♥️🦋,5.0,0,https://apps.apple.com/in/app/id907394059?see-all=reviews,en,2026-10-02T11:14:31+00:00,appstore_907394059_20261002T111441.json
appstore:14605647061,appstore,0,Myntra on the IN App Store,404cdcc47a132927,2026-09-29T02:54:28+00:00,This app is very gods for shopping trendy fashion clothes,5.0,0,https://apps.apple.com/in/app/id907394059?see-all=reviews,en,2026-10-02T11:14:31+00:00,appstore_907394059_20261002T111441.json
appstore:14605616664,appstore,0,Myntra on the IN App Store,c1b29af30fbc6738,2026-09-29T02:41:24+00:00,Good,5.0,0,https://apps.apple.com/in/app/id907394059?see-all=reviews,en,2026-10-02T11:14:31+00:00,appstore_907394059_20261002T111441.json
appstore:14605611409,appstore,0,Myntra on the IN App Store,a83bc679d7efffd8,2026-09-29T02:39:09+00:00,💕🧿,5.0,0,https://apps.apple.com/in/app/id907394059?see-all=reviews,en,2026-10-02T11:14:31+00:00,appstore_907394059_20261002T111441.json
appstore:14605585971,appstore,0,Myntra on the IN App Store,d457ac7bc809eb38,2026-09-29T02:28:30+00:00,"Bright colours and print, soft fall, just what i was looking for.",5.0,0,https://apps.apple.com/in/app/id907394059?see-all=reviews,en,2026-10-02T11:14:31+00:00,appstore_907394059_20261002T111441.json
appstore:14605538897,appstore,0,Myntra on the IN App Store,ba3ffcfe153cb071,2026-09-29T02:09:09+00:00,besr,5.0,0,https://apps.apple.com/in/app/id907394059?see-all=reviews,en,2026-10-02T11:14:31+00:00,appstore_907394059_20261002T111441.json
appstore:14605536268,appstore,0,Myntra on the IN App Store,611ac23c6996c229,2026-09-29T02:08:01+00:00,Nice dresses,5.0,0,https://apps.apple.com/in/app/id907394059?see-all=reviews,en,2026-10-02T11:14:31+00:00,appstore_907394059_20261002T111441.json
appstore:14605511141,appstore,0,Myntra on the IN App Store,4ff0693a27305778,2026-09-29T01:57:44+00:00,Super,5.0,0,https://apps.apple.com/in/app/id907394059?see-all=reviews,en,2026-10-02T11:14:31+00:00,appstore_907394059_20261002T111441.json
appstore:14605483500,appstore,0,Myntra on the IN App Store,54bdcf613070bc30,2026-09-29T01:46:32+00:00,"Awesome,nice fabric 👌",4.0,0,https://apps.apple.com/in/app/id907394059?see-all=reviews,en,2026-10-02T11:14:31+00:00,appstore_907394059_20261002T111441.json
appstore:14605448101,appstore,1,Myntra on the IN App Store,36ad8b5b888c91aa,2026-09-29T01:32:21+00:00,"Myntra is one of India’s most popular fashion shopping apps with a huge collection of clothes, shoes, beauty products, and accessories. It offers products from thousands of brands and lakhs of items, making it a one-stop app for trendy shopping 🛍️ ....i luv this app",5.0,0,https://apps.apple.com/in/app/id907394059?see-all=reviews,en,2026-10-02T11:14:31+00:00,appstore_907394059_20261002T111441.json
appstore:14605411783,appstore,0,Myntra on the IN App Store,e80942fb04b3bbdc,2026-09-29T01:17:50+00:00,Wow awesome…,5.0,0,https://apps.apple.com/in/app/id907394059?see-all=reviews,en,2026-10-02T11:14:31+00:00,appstore_907394059_20261002T111441.json
appstore:14605384764,appstore,0,Myntra on the IN App Store,a1dcaadd369ea2fb,2026-09-29T01:07:07+00:00,India top best brands authentic quality original brand & great app,5.0,0,https://apps.apple.com/in/app/id907394059?see-all=reviews,en,2026-10-02T11:14:31+00:00,appstore_907394059_20261002T111441.json
appstore:14605251953,appstore,0,Myntra on the IN App Store,0a9290f140319a3b,2026-09-29T00:14:38+00:00,I’m enjoying,5.0,0,https://apps.apple.com/in/app/id907394059?see-all=reviews,en,2026-10-02T11:14:31+00:00,appstore_907394059_20261002T111441.json
appstore:14605004195,appstore,0,Myntra on the IN App Store,4835f533c6ffde5d,2026-09-28T22:33:07+00:00,100/100,5.0,0,https://apps.apple.com/in/app/id907394059?see-all=reviews,en,2026-10-02T11:14:31+00:00,appstore_907394059_20261002T111441.json
appstore:14604982757,appstore,0,Myntra on the IN App Store,db6518fda3b94530,2026-09-28T22:24:16+00:00,It’s good,5.0,0,https://apps.apple.com/in/app/id907394059?see-all=reviews,en,2026-10-02T11:14:31+00:00,appstore_907394059_20261002T111441.json
appstore:14604837640,appstore,1,Myntra on the IN App Store,fa8fe460d9496d39,2026-09-28T21:25:18+00:00,"Hey @myntra I am facing this problem in exchanging the style and the customer care people are not listening to me nor are they able to give any solution, please help I am facing this problem since 1 week",1.0,0,https://apps.apple.com/in/app/id907394059?see-all=reviews,en,2026-10-02T11:14:31+00:00,appstore_907394059_20261002T111441.json
appstore:14604710320,appstore,1,Myntra on the IN App Store,303485594e412b24,2026-09-28T20:36:03+00:00,Best shopping app and product quality also too good thank you Myntra,5.0,0,https://apps.apple.com/in/app/id907394059?see-all=reviews,en,2026-10-02T11:14:31+00:00,appstore_907394059_20261002T111441.json
appstore:14604667629,appstore,1,Myntra on the IN App Store,2a3777bb6de77378,2026-09-28T20:19:54+00:00,"I would like to share my feedback regarding my recent experience with Myntra. The delivery service has been very disappointing. Orders are not being delivered on time, and the overall delivery experience is much slower compared to Amazon and Flipkart. I recently started shopping on Myntra, but based on my experience so far, I am not satisfied with the service. I hope Myntra takes this feedback seriously and improves its delivery service.",1.0,0,https://apps.apple.com/in/app/id907394059?see-all=reviews,en,2026-10-02T11:14:31+00:00,appstore_907394059_20261002T111441.json
appstore:14604559428,appstore,0,Myntra on the IN App Store,89b1ac5d459c639c,2026-09-28T19:40:36+00:00,Awesome soft velvate high quality,5.0,0,https://apps.apple.com/in/app/id907394059?see-all=reviews,en,2026-10-02T11:14:31+00:00,appstore_907394059_20261002T111441.json
appstore:14604406544,appstore,0,Myntra on the IN App Store,e8cf82361731c345,2026-09-28T18:47:30+00:00,App was awesome with graphics,5.0,0,https://apps.apple.com/in/app/id907394059?see-all=reviews,en,2026-10-02T11:14:31+00:00,appstore_907394059_20261002T111441.json
appstore:14604382347,appstore,0,Myntra on the IN App Store,6d36402b4eb0862b,2026-09-28T18:39:17+00:00,Superb👍👍,5.0,0,https://apps.apple.com/in/app/id907394059?see-all=reviews,en,2026-10-02T11:14:31+00:00,appstore_907394059_20261002T111441.json
appstore:14604358639,appstore,0,Myntra on the IN App Store,8c50803afe8c6d0d,2026-09-28T18:31:16+00:00,Woo,5.0,0,https://apps.apple.com/in/app/id907394059?see-all=reviews,en,2026-10-02T11:14:31+00:00,appstore_907394059_20261002T111441.json
appstore:14604318971,appstore,1,Myntra on the IN App Store,99e5640e12be3c36,2026-09-28T18:18:03+00:00,Worst experience! Received a defective misbranded product My refund was not credited by Myntra and they charged me a return fee for it. Myntra provided a fake RRN that my bank cannot trace. Customer care just keeps closing my tickets. Avoid!,1.0,0,https://apps.apple.com/in/app/id907394059?see-all=reviews,en,2026-10-02T11:14:31+00:00,appstore_907394059_20261002T111441.json
appstore:14604310697,appstore,0,Myntra on the IN App Store,3b6f0b358ae76f1e,2026-09-28T18:15:19+00:00,Excellent packing and quality,5.0,0,https://apps.apple.com/in/app/id907394059?see-all=reviews,en,2026-10-02T11:14:31+00:00,appstore_907394059_20261002T111441.json
appstore:14604283493,appstore,1,Myntra on the IN App Store,b4812d1b41a33775,2026-09-28T18:06:16+00:00,"Myntra is honestly one of the best shopping apps! Great variety, good quality products, easy returns, and a smooth shopping experience. I’ve had a really good experience shopping on Myntra and would definitely recommend it.",5.0,0,https://apps.apple.com/in/app/id907394059?see-all=reviews,en,2026-10-02T11:14:31+00:00,appstore_907394059_20261002T111441.json
appstore:14604268997,appstore,0,Myntra on the IN App Store,bff7fee8b0f32309,2026-09-28T18:01:25+00:00,Good product n service,5.0,0,https://apps.apple.com/in/app/id907394059?see-all=reviews,en,2026-10-02T11:14:31+00:00,appstore_907394059_20261002T111441.json
appstore:14604255354,appstore,0,Myntra on the IN App Store,19701fe35791682d,2026-09-28T17:56:56+00:00,Best,5.0,0,https://apps.apple.com/in/app/id907394059?see-all=reviews,en,2026-10-02T11:14:31+00:00,appstore_907394059_20261002T111441.json
appstore:14604249716,appstore,0,Myntra on the IN App Store,db9b09a9175a6a07,2026-09-28T17:55:00+00:00,Best,5.0,0,https://apps.apple.com/in/app/id907394059?see-all=reviews,en,2026-10-02T11:14:31+00:00,appstore_907394059_20261002T111441.json
appstore:14604228979,appstore,0,Myntra on the IN App Store,b0cf48f6a7aaaa67,2026-09-28T17:48:07+00:00,In app is best for quality,5.0,0,https://apps.apple.com/in/app/id907394059?see-all=reviews,en,2026-10-02T11:14:31+00:00,appstore_907394059_20261002T111441.json
appstore:14604207571,appstore,0,Myntra on the IN App Store,17a56a428375101a,2026-09-28T17:41:07+00:00,"Really happy with the purchase. The quality is good, the product looks exactly like the pictures, and the fit is comfortable. The overall finish is neat and worth the price. Would definitely recommend it.",5.0,0,https://apps.apple.com/in/app/id907394059?see-all=reviews,en,2026-10-02T11:14:31+00:00,appstore_907394059_20261002T111441.json
appstore:14604136836,appstore,0,Myntra on the IN App Store,3e4c1aaa62226307,2026-09-28T17:18:01+00:00,Awm product must buy,5.0,0,https://apps.apple.com/in/app/id907394059?see-all=reviews,en,2026-10-02T11:14:31+00:00,appstore_907394059_20261002T111441.json
appstore:14604131385,appstore,0,Myntra on the IN App Store,0395867895ad52c2,2026-09-28T17:16:15+00:00,Honestly loving it,5.0,0,https://apps.apple.com/in/app/id907394059?see-all=reviews,en,2026-10-02T11:14:31+00:00,appstore_907394059_20261002T111441.json
appstore:14604041935,appstore,0,Myntra on the IN App Store,dba93d6255b1a9c7,2026-09-28T16:47:35+00:00,Fabulous shirt,5.0,0,https://apps.apple.com/in/app/id907394059?see-all=reviews,en,2026-10-02T11:14:31+00:00,appstore_907394059_20261002T111441.json
appstore:14604033541,appstore,0,Myntra on the IN App Store,cab2d5d4944f4d53,2026-09-28T16:44:57+00:00,While Purchasing my last order it changed the rates within minutes,1.0,0,https://apps.apple.com/in/app/id907394059?see-all=reviews,en,2026-10-02T11:14:31+00:00,appstore_907394059_20261002T111441.json
appstore:14604020432,appstore,0,Myntra on the IN App Store,700ad4db0259a839,2026-09-28T16:40:48+00:00,Best kurti ever,5.0,0,https://apps.apple.com/in/app/id907394059?see-all=reviews,en,2026-10-02T11:14:31+00:00,appstore_907394059_20261002T111441.json
appstore:14604015606,appstore,0,Myntra on the IN App Store,9bf4075d320ae06d,2026-09-28T16:39:17+00:00,"Must buy , very soft and stretchable",5.0,0,https://apps.apple.com/in/app/id907394059?see-all=reviews,en,2026-10-02T11:14:31+00:00,appstore_907394059_20261002T111441.json
appstore:14603957269,appstore,0,Myntra on the IN App Store,560d7483b0b73e98,2026-09-28T16:21:00+00:00,Nice,5.0,0,https://apps.apple.com/in/app/id907394059?see-all=reviews,en,2026-10-02T11:14:31+00:00,appstore_907394059_20261002T111441.json
appstore:14603942225,appstore,0,Myntra on the IN App Store,f9f173672038b647,2026-09-28T16:16:20+00:00,All in one we will get here thank u,5.0,0,https://apps.apple.com/in/app/id907394059?see-all=reviews,en,2026-10-02T11:14:31+00:00,appstore_907394059_20261002T111441.json
appstore:14603890578,appstore,1,Myntra on the IN App Store,5b3c5acc3db72361,2026-09-28T16:00:13+00:00,We Trust on Myntra.,5.0,0,https://apps.apple.com/in/app/id907394059?see-all=reviews,en,2026-10-02T11:14:31+00:00,appstore_907394059_20261002T111441.json
appstore:14603815623,appstore,0,Myntra on the IN App Store,5ca274a8a7ea422c,2026-09-28T15:37:23+00:00,The suit i received is of very good quality like the most. The kota fabric and print of dupatta is also very beautiful. Recommend to everyone. The fabric is very very soft.,5.0,0,https://apps.apple.com/in/app/id907394059?see-all=reviews,en,2026-10-02T11:14:35+00:00,appstore_907394059_20261002T111441.json
appstore:14603815369,appstore,0,Myntra on the IN App Store,5d5d42a809c5bf71,2026-09-28T15:37:18+00:00,Too pretty!,5.0,0,https://apps.apple.com/in/app/id907394059?see-all=reviews,en,2026-10-02T11:14:35+00:00,appstore_907394059_20261002T111441.json
appstore:14603784711,appstore,0,Myntra on the IN App Store,477453a522f0ebaf,2026-09-28T15:28:00+00:00,All good,5.0,0,https://apps.apple.com/in/app/id907394059?see-all=reviews,en,2026-10-02T11:14:35+00:00,appstore_907394059_20261002T111441.json
appstore:14603745847,appstore,0,Myntra on the IN App Store,d4ea933c26aadd08,2026-09-28T15:16:25+00:00,A1 products,4.0,0,https://apps.apple.com/in/app/id907394059?see-all=reviews,en,2026-10-02T11:14:35+00:00,appstore_907394059_20261002T111441.json
appstore:14603714080,appstore,0,Myntra on the IN App Store,662aa9a53b49a006,2026-09-28T15:07:00+00:00,Very easier and comfortable for use,5.0,0,https://apps.apple.com/in/app/id907394059?see-all=reviews,en,2026-10-02T11:14:35+00:00,appstore_907394059_20261002T111441.json
appstore:14603672425,appstore,0,Myntra on the IN App Store,0eb371a2e74a9080,2026-09-28T14:54:43+00:00,Good product,5.0,0,https://apps.apple.com/in/app/id907394059?see-all=reviews,en,2026-10-02T11:14:35+00:00,appstore_907394059_20261002T111441.json
appstore:14603550948,appstore,0,Myntra on the IN App Store,a423fd5f0583ba59,2026-09-28T14:18:37+00:00,Good product and the service of the customer,5.0,0,https://apps.apple.com/in/app/id907394059?see-all=reviews,en,2026-10-02T11:14:35+00:00,appstore_907394059_20261002T111441.json
appstore:14603534351,appstore,0,Myntra on the IN App Store,ef72ee479d76ca94,2026-09-28T14:13:47+00:00,Great option of different brands,5.0,0,https://apps.apple.com/in/app/id907394059?see-all=reviews,en,2026-10-02T11:14:35+00:00,appstore_907394059_20261002T111441.json
appstore:14603500624,appstore,0,Myntra on the IN App Store,d76e6d0a86ee07c7,2026-09-28T14:03:55+00:00,Amazing deals,5.0,0,https://apps.apple.com/in/app/id907394059?see-all=reviews,en,2026-10-02T11:14:35+00:00,appstore_907394059_20261002T111441.json
appstore:14603469516,appstore,0,Myntra on the IN App Store,84654f41d4bb1d6d,2026-09-28T13:54:42+00:00,"Very easy to shop, pay and deliveries on time , very happy .",5.0,0,https://apps.apple.com/in/app/id907394059?see-all=reviews,en,2026-10-02T11:14:35+00:00,appstore_907394059_20261002T111441.json
appstore:14603447172,appstore,0,Myntra on the IN App Store,0bca8e58b8547708,2026-09-28T13:48:04+00:00,Best in segment,5.0,0,https://apps.apple.com/in/app/id907394059?see-all=reviews,en,2026-10-02T11:14:35+00:00,appstore_907394059_20261002T111441.json
appstore:14603424331,appstore,1,Myntra on the IN App Store,57e858b9a6bbbaa4,2026-09-28T13:41:23+00:00,"It’s been a few years I have been shopping from Myntra …! The one thing I can say is I somehow trust Myntra …like on the easy order processes and the quality of the products and even if the quality is not as per your expectations, all the exchange refund is so smooth that you will use Myntra again without any trust issues.",4.0,0,https://apps.apple.com/in/app/id907394059?see-all=reviews,en,2026-10-02T11:14:35+00:00,appstore_907394059_20261002T111441.json
appstore:14603420406,appstore,0,Myntra on the IN App Store,b0567d29987ef2fc,2026-09-28T13:40:11+00:00,Always give better choices,5.0,0,https://apps.apple.com/in/app/id907394059?see-all=reviews,en,2026-10-02T11:14:35+00:00,appstore_907394059_20261002T111441.json
appstore:14603396925,appstore,0,Myntra on the IN App Store,36c11b451bb7d76a,2026-09-28T13:33:20+00:00,"Excellent filters to sort and get exactly what you desire 
Vast range of options from all brands in good prices 
Good flexibility for payments and amazing offers during sale",5.0,0,https://apps.apple.com/in/app/id907394059?see-all=reviews,en,2026-10-02T11:14:35+00:00,appstore_907394059_20261002T111441.json
appstore:14603388756,appstore,0,Myntra on the IN App Store,3fa07b91de668321,2026-09-28T13:30:57+00:00,Great choice of product to choose from.,5.0,0,https://apps.apple.com/in/app/id907394059?see-all=reviews,en,2026-10-02T11:14:35+00:00,appstore_907394059_20261002T111441.json
appstore:14603356328,appstore,0,Myntra on the IN App Store,087b1f8c82aacfc5,2026-09-28T13:21:11+00:00,Mind blowing,5.0,0,https://apps.apple.com/in/app/id907394059?see-all=reviews,en,2026-10-02T11:14:35+00:00,appstore_907394059_20261002T111441.json
appstore:14603347590,appstore,0,Myntra on the IN App Store,69dd665e9d422a0f,2026-09-28T13:18:30+00:00,This platform is very good in terms of quality check,4.0,0,https://apps.apple.com/in/app/id907394059?see-all=reviews,en,2026-10-02T11:14:35+00:00,appstore_907394059_20261002T111441.json
appstore:14603306548,appstore,0,Myntra on the IN App Store,1094e0474e847b30,2026-09-28T13:05:56+00:00,Best app,5.0,0,https://apps.apple.com/in/app/id907394059?see-all=reviews,en,2026-10-02T11:14:35+00:00,appstore_907394059_20261002T111441.json
appstore:14603301717,appstore,0,Myntra on the IN App Store,8c0c479341407019,2026-09-28T13:04:26+00:00,"Great product quality, original product 
Happy with quality",5.0,0,https://apps.apple.com/in/app/id907394059?see-all=reviews,en,2026-10-02T11:14:35+00:00,appstore_907394059_20261002T111441.json
appstore:14603256372,appstore,0,Myntra on the IN App Store,12e515e2294f3441,2026-09-28T12:50:14+00:00,Same colour as shown in picture and quality is also good,4.0,0,https://apps.apple.com/in/app/id907394059?see-all=reviews,en,2026-10-02T11:14:35+00:00,appstore_907394059_20261002T111441.json
appstore:14603255598,appstore,0,Myntra on the IN App Store,078edecd21e40ca3,2026-09-28T12:49:59+00:00,Very bad customer service,1.0,0,https://apps.apple.com/in/app/id907394059?see-all=reviews,en,2026-10-02T11:14:35+00:00,appstore_907394059_20261002T111441.json
appstore:14603245293,appstore,1,Myntra on the IN App Store,2c2749afca136b1b,2026-09-28T12:46:43+00:00,Myntra still sucks,1.0,0,https://apps.apple.com/in/app/id907394059?see-all=reviews,en,2026-10-02T11:14:35+00:00,appstore_907394059_20261002T111441.json
appstore:14603202347,appstore,0,Myntra on the IN App Store,ca112b850af27e3f,2026-09-28T12:33:12+00:00,Quality is not good,1.0,0,https://apps.apple.com/in/app/id907394059?see-all=reviews,en,2026-10-02T11:14:35+00:00,appstore_907394059_20261002T111441.json
appstore:14603161979,appstore,0,Myntra on the IN App Store,3df227ba827c3940,2026-09-28T12:20:09+00:00,Bestest al over,5.0,0,https://apps.apple.com/in/app/id907394059?see-all=reviews,en,2026-10-02T11:14:35+00:00,appstore_907394059_20261002T111441.json
appstore:14603159034,appstore,0,Myntra on the IN App Store,793894e60b83dfb0,2026-09-28T12:19:12+00:00,The fabric was too good. The colour was too good. Everything was perfect. I didn’t expect this much good.👌,5.0,0,https://apps.apple.com/in/app/id907394059?see-all=reviews,en,2026-10-02T11:14:35+00:00,appstore_907394059_20261002T111441.json
appstore:14603136614,appstore,0,Myntra on the IN App Store,b9c9a134bf0947cb,2026-09-28T12:12:00+00:00,Good,5.0,0,https://apps.apple.com/in/app/id907394059?see-all=reviews,en,2026-10-02T11:14:35+00:00,appstore_907394059_20261002T111441.json
appstore:14603089671,appstore,0,Myntra on the IN App Store,ac843994b3bbb265,2026-09-28T11:56:22+00:00,💕💕💕,5.0,0,https://apps.apple.com/in/app/id907394059?see-all=reviews,en,2026-10-02T11:14:35+00:00,appstore_907394059_20261002T111441.json
appstore:14603074576,appstore,0,Myntra on the IN App Store,d45effc1c48badb1,2026-09-28T11:51:13+00:00,5,5.0,0,https://apps.apple.com/in/app/id907394059?see-all=reviews,en,2026-10-02T11:14:35+00:00,appstore_907394059_20261002T111441.json
appstore:14603058869,appstore,0,Myntra on the IN App Store,8cfd646795083f2d,2026-09-28T11:45:57+00:00,Best and branded,5.0,0,https://apps.apple.com/in/app/id907394059?see-all=reviews,en,2026-10-02T11:14:35+00:00,appstore_907394059_20261002T111441.json
appstore:14603044072,appstore,0,Myntra on the IN App Store,01517422350bc832,2026-09-28T11:40:55+00:00,🎉🎉🎉,5.0,0,https://apps.apple.com/in/app/id907394059?see-all=reviews,en,2026-10-02T11:14:35+00:00,appstore_907394059_20261002T111441.json
appstore:14603039049,appstore,0,Myntra on the IN App Store,7be3704d1709c862,2026-09-28T11:39:11+00:00,"Wowwww app, original product and high quality",5.0,0,https://apps.apple.com/in/app/id907394059?see-all=reviews,en,2026-10-02T11:14:35+00:00,appstore_907394059_20261002T111441.json
appstore:14603034483,appstore,1,Myntra on the IN App Store,2184c5e42bd851ea,2026-09-28T11:37:36+00:00,Gd delivery services .. genuine products ..i jst love myntra,5.0,0,https://apps.apple.com/in/app/id907394059?see-all=reviews,en,2026-10-02T11:14:35+00:00,appstore_907394059_20261002T111441.json
appstore:14603015239,appstore,0,Myntra on the IN App Store,b39e2fed065d174f,2026-09-28T11:30:50+00:00,All purchases items are good.,5.0,0,https://apps.apple.com/in/app/id907394059?see-all=reviews,en,2026-10-02T11:14:35+00:00,appstore_907394059_20261002T111441.json
appstore:14602989358,appstore,1,Myntra on the IN App Store,d0f36210ca848517,2026-09-28T11:21:42+00:00,Myntra is not the same anymore it becoming worst and worst it used to be my favourite and trustable app but now they always send wrong product like the tag doesn’t match or send completely wrong product then when i apply for return they don’t accept even the customer care are useless repeating the same words and nothing helping at all 😡👎🏻,1.0,1,https://apps.apple.com/in/app/id907394059?see-all=reviews,en,2026-10-02T11:14:35+00:00,appstore_907394059_20261002T111441.json
appstore:14602975431,appstore,0,Myntra on the IN App Store,4b27aa6318355b20,2026-09-28T11:16:44+00:00,Very good service and give product,5.0,0,https://apps.apple.com/in/app/id907394059?see-all=reviews,en,2026-10-02T11:14:35+00:00,appstore_907394059_20261002T111441.json
appstore:14602949494,appstore,0,Myntra on the IN App Store,b22f2d06882514e5,2026-09-28T11:07:16+00:00,Very nice,5.0,0,https://apps.apple.com/in/app/id907394059?see-all=reviews,en,2026-10-02T11:14:35+00:00,appstore_907394059_20261002T111441.json
appstore:14602944748,appstore,0,Myntra on the IN App Store,8a657ae926c7d525,2026-09-28T11:05:30+00:00,"I’ve been using the Be Bodywise Underarm Roll-On and I’m quite happy with it. It has a pleasant fragrance, feels light on the skin, and doesn’t feel sticky after application. It helps control underarm odour and keeps the area feeling fresh for a good amount of time. Overall, a nice product for regular use.",5.0,0,https://apps.apple.com/in/app/id907394059?see-all=reviews,en,2026-10-02T11:14:35+00:00,appstore_907394059_20261002T111441.json
appstore:14602931456,appstore,0,Myntra on the IN App Store,b329c89a7ce06ecd,2026-09-28T11:00:32+00:00,Very good fabrics and color,5.0,0,https://apps.apple.com/in/app/id907394059?see-all=reviews,en,2026-10-02T11:14:35+00:00,appstore_907394059_20261002T111441.json
appstore:14602923203,appstore,0,Myntra on the IN App Store,b16bc3c8e5135904,2026-09-28T10:57:23+00:00,Easy resolution plus products are also satisfactory,5.0,0,https://apps.apple.com/in/app/id907394059?see-all=reviews,en,2026-10-02T11:14:35+00:00,appstore_907394059_20261002T111441.json
appstore:14602917665,appstore,0,Myntra on the IN App Store,1bbe6b99df04fc52,2026-09-28T10:55:15+00:00,5,5.0,0,https://apps.apple.com/in/app/id907394059?see-all=reviews,en,2026-10-02T11:14:35+00:00,appstore_907394059_20261002T111441.json
appstore:14602916570,appstore,0,Myntra on the IN App Store,6108b0008d959abc,2026-09-28T10:54:51+00:00,"Selling cheap products by showing brand name,
And their delivery boys don't have the manners to talk. They don't come to deliver at the door and instead come downstairs to collect the package .",1.0,0,https://apps.apple.com/in/app/id907394059?see-all=reviews,en,2026-10-02T11:14:35+00:00,appstore_907394059_20261002T111441.json
appstore:14602892058,appstore,0,Myntra on the IN App Store,a89fdea528bf794b,2026-09-28T10:45:19+00:00,Wow wow wow🥰👍,5.0,0,https://apps.apple.com/in/app/id907394059?see-all=reviews,en,2026-10-02T11:14:35+00:00,appstore_907394059_20261002T111441.json
appstore:14602891260,appstore,0,Myntra on the IN App Store,eab0b388fb7bca73,2026-09-28T10:45:00+00:00,Fabulous and awesome 👌,5.0,0,https://apps.apple.com/in/app/id907394059?see-all=reviews,en,2026-10-02T11:14:35+00:00,appstore_907394059_20261002T111441.json
appstore:14602860806,appstore,0,Myntra on the IN App Store,6157da2590437abc,2026-09-28T10:32:59+00:00,Very beautiful size is perfect if you are thin take small size but before order check your exact measurements,5.0,0,https://apps.apple.com/in/app/id907394059?see-all=reviews,en,2026-10-02T11:14:35+00:00,appstore_907394059_20261002T111441.json
appstore:14602838415,appstore,0,Myntra on the IN App Store,63cb4dac35e7f236,2026-09-28T10:23:54+00:00,Awesome,5.0,0,https://apps.apple.com/in/app/id907394059?see-all=reviews,en,2026-10-02T11:14:35+00:00,appstore_907394059_20261002T111441.json
appstore:14602833281,appstore,0,Myntra on the IN App Store,f462a5d3c9110e9c,2026-09-28T10:21:48+00:00,Good,5.0,0,https://apps.apple.com/in/app/id907394059?see-all=reviews,en,2026-10-02T11:14:35+00:00,appstore_907394059_20261002T111441.json
appstore:14602825516,appstore,0,Myntra on the IN App Store,8ffea1ec4b818db4,2026-09-28T10:18:35+00:00,Bahot achha hai,5.0,0,https://apps.apple.com/in/app/id907394059?see-all=reviews,en,2026-10-02T11:14:35+00:00,appstore_907394059_20261002T111441.json
appstore:14602798148,appstore,0,Myntra on the IN App Store,cd6b0afbc59cf41c,2026-09-28T10:07:04+00:00,Best shopping app ever❤️,5.0,0,https://apps.apple.com/in/app/id907394059?see-all=reviews,en,2026-10-02T11:14:35+00:00,appstore_907394059_20261002T111441.json
appstore:14602783343,appstore,0,Myntra on the IN App Store,0f7f37ad228b51b8,2026-09-28T10:00:42+00:00,I bought a Zeesh brand shoes it’s very comfortable and nice to wear with elite look,5.0,0,https://apps.apple.com/in/app/id907394059?see-all=reviews,en,2026-10-02T11:14:35+00:00,appstore_907394059_20261002T111441.json
appstore:14602776009,appstore,0,Myntra on the IN App Store,370a34aa39b0d736,2026-09-28T09:57:34+00:00,5,5.0,0,https://apps.apple.com/in/app/id907394059?see-all=reviews,en,2026-10-02T11:14:35+00:00,appstore_907394059_20261002T111441.json
appstore:14602762335,appstore,1,Myntra on the IN App Store,dec4944aa57c8f30,2026-09-28T09:51:37+00:00,"Bought H&M kids tshirts from myntra. Fit is perfect , fabric is soft, breathable and comfortable for dailywear. Colors are exactly same as shown in image. Delivery from myntra is quick and packaging wa neat. Totally value for money. Recommended for kids!",4.0,0,https://apps.apple.com/in/app/id907394059?see-all=reviews,en,2026-10-02T11:14:38+00:00,appstore_907394059_20261002T111441.json
appstore:14602754240,appstore,0,Myntra on the IN App Store,9405c00b0e31b856,2026-09-28T09:48:04+00:00,Excellent,5.0,0,https://apps.apple.com/in/app/id907394059?see-all=reviews,en,2026-10-02T11:14:38+00:00,appstore_907394059_20261002T111441.json
appstore:14602737054,appstore,1,Myntra on the IN App Store,f8b980532df3ca97,2026-09-28T09:40:30+00:00,This App is sooo good the deals are mind blowing and service is top notch . I use Myntra a lot,5.0,0,https://apps.apple.com/in/app/id907394059?see-all=reviews,en,2026-10-02T11:14:38+00:00,appstore_907394059_20261002T111441.json
appstore:14602734581,appstore,1,Myntra on the IN App Store,1b801f9da9984756,2026-09-28T09:39:25+00:00,Very very good go for it guy’s its looking stunning very elegant thank u myntra ⭐️⭐️⭐️⭐️,5.0,0,https://apps.apple.com/in/app/id907394059?see-all=reviews,en,2026-10-02T11:14:38+00:00,appstore_907394059_20261002T111441.json
appstore:14602712782,appstore,1,Myntra on the IN App Store,5d2b80d9e25e78ea,2026-09-28T09:29:39+00:00,Excellent original clothing only on Myntra 15 years loyal customer,5.0,0,https://apps.apple.com/in/app/id907394059?see-all=reviews,en,2026-10-02T11:14:38+00:00,appstore_907394059_20261002T111441.json
appstore:14602703247,appstore,0,Myntra on the IN App Store,db377632a2a65e65,2026-09-28T09:25:18+00:00,Got tshirt at good and reasonable price..ucb quality best,5.0,0,https://apps.apple.com/in/app/id907394059?see-all=reviews,en,2026-10-02T11:14:38+00:00,appstore_907394059_20261002T111441.json
appstore:14602654851,appstore,0,Myntra on the IN App Store,ac9cd49b3e884ccc,2026-09-28T09:03:06+00:00,So helpfull ap,5.0,0,https://apps.apple.com/in/app/id907394059?see-all=reviews,en,2026-10-02T11:14:38+00:00,appstore_907394059_20261002T111441.json
appstore:14602644909,appstore,0,Myntra on the IN App Store,bc5ce4a65ddbefe8,2026-09-28T08:58:30+00:00,Shoes looks awesome and fit great.. not super comfortable but good,4.0,0,https://apps.apple.com/in/app/id907394059?see-all=reviews,en,2026-10-02T11:14:38+00:00,appstore_907394059_20261002T111441.json
appstore:14602589644,appstore,0,Myntra on the IN App Store,b57e9b1bd2aace13,2026-09-28T08:32:43+00:00,While trying to contact there customer support I feel like Phoebe from friends.,1.0,1,https://apps.apple.com/in/app/id907394059?see-all=reviews,en,2026-10-02T11:14:38+00:00,appstore_907394059_20261002T111441.json
appstore:14602588234,appstore,0,Myntra on the IN App Store,533922332ddef986,2026-09-28T08:32:03+00:00,Coustmer support bakar hai,1.0,1,https://apps.apple.com/in/app/id907394059?see-all=reviews,en,2026-10-02T11:14:38+00:00,appstore_907394059_20261002T111441.json
appstore:14602573114,appstore,0,Myntra on the IN App Store,36f7cfd590b36a15,2026-09-28T08:25:00+00:00,Good,5.0,0,https://apps.apple.com/in/app/id907394059?see-all=reviews,en,2026-10-02T11:14:38+00:00,appstore_907394059_20261002T111441.json
appstore:14602569047,appstore,0,Myntra on the IN App Store,2ef162c3225d18b2,2026-09-28T08:23:07+00:00,really nice app,5.0,0,https://apps.apple.com/in/app/id907394059?see-all=reviews,en,2026-10-02T11:14:38+00:00,appstore_907394059_20261002T111441.json
appstore:14602479799,appstore,0,Myntra on the IN App Store,1c312cd6b023a0b4,2026-09-28T07:39:59+00:00,Product is gd,5.0,0,https://apps.apple.com/in/app/id907394059?see-all=reviews,en,2026-10-02T11:14:38+00:00,appstore_907394059_20261002T111441.json
appstore:14602457937,appstore,0,Myntra on the IN App Store,90c9b9dcaf60558f,2026-09-28T07:29:21+00:00,Good,5.0,0,https://apps.apple.com/in/app/id907394059?see-all=reviews,en,2026-10-02T11:14:38+00:00,appstore_907394059_20261002T111441.json
appstore:14602451290,appstore,0,Myntra on the IN App Store,149ac3c52b1b90f6,2026-09-28T07:26:10+00:00,Service is very poor and always delaying in delivery with n number of reasons,1.0,0,https://apps.apple.com/in/app/id907394059?see-all=reviews,en,2026-10-02T11:14:38+00:00,appstore_907394059_20261002T111441.json
appstore:14602438642,appstore,0,Myntra on the IN App Store,959d57f71f203205,2026-09-28T07:20:00+00:00,Friendly operate system,5.0,0,https://apps.apple.com/in/app/id907394059?see-all=reviews,en,2026-10-02T11:14:38+00:00,appstore_907394059_20261002T111441.json
appstore:14602436962,appstore,0,Myntra on the IN App Store,2f200b867bb05f74,2026-09-28T07:19:11+00:00,Nice application for shopping,5.0,0,https://apps.apple.com/in/app/id907394059?see-all=reviews,en,2026-10-02T11:14:38+00:00,appstore_907394059_20261002T111441.json
appstore:14602429973,appstore,0,Myntra on the IN App Store,ebe37b49d12fbc00,2026-09-28T07:15:50+00:00,👌👌😊,5.0,0,https://apps.apple.com/in/app/id907394059?see-all=reviews,en,2026-10-02T11:14:38+00:00,appstore_907394059_20261002T111441.json
appstore:14602357141,appstore,0,Myntra on the IN App Store,e6dd3ed8d5edf4d8,2026-09-28T06:40:09+00:00,"It is the “Omnipotent” app for those who want to be “Omnipresent”. 

It is the inevitable for anyone who wants to get fashion brands with high quality with trending designs at affordable prices.

It’s your wife in your fashion life.",5.0,0,https://apps.apple.com/in/app/id907394059?see-all=reviews,en,2026-10-02T11:14:38+00:00,appstore_907394059_20261002T111441.json
appstore:14602201075,appstore,0,Myntra on the IN App Store,36f7c7cb1ce37723,2026-09-28T05:23:24+00:00,I love it,5.0,0,https://apps.apple.com/in/app/id907394059?see-all=reviews,en,2026-10-02T11:14:38+00:00,appstore_907394059_20261002T111441.json
appstore:14602144272,appstore,0,Myntra on the IN App Store,c390b0bad0bf71c1,2026-09-28T04:55:52+00:00,Good,5.0,0,https://apps.apple.com/in/app/id907394059?see-all=reviews,en,2026-10-02T11:14:38+00:00,appstore_907394059_20261002T111441.json
appstore:14602127828,appstore,0,Myntra on the IN App Store,b2012b2e5cda9200,2026-09-28T04:47:54+00:00,A class.,5.0,0,https://apps.apple.com/in/app/id907394059?see-all=reviews,en,2026-10-02T11:14:38+00:00,appstore_907394059_20261002T111441.json
appstore:14602119489,appstore,0,Myntra on the IN App Store,a461f43b9c45efda,2026-09-28T04:43:48+00:00,Trusted app for shopping,5.0,0,https://apps.apple.com/in/app/id907394059?see-all=reviews,en,2026-10-02T11:14:38+00:00,appstore_907394059_20261002T111441.json
appstore:14602119070,appstore,0,Myntra on the IN App Store,4e5cbef8511e9e59,2026-09-28T04:43:35+00:00,Fvrt app,5.0,0,https://apps.apple.com/in/app/id907394059?see-all=reviews,en,2026-10-02T11:14:38+00:00,appstore_907394059_20261002T111441.json
appstore:14602049090,appstore,0,Myntra on the IN App Store,3043b4cb51c795f8,2026-09-28T04:10:08+00:00,"Very beautiful dress,,I love it",5.0,0,https://apps.apple.com/in/app/id907394059?see-all=reviews,en,2026-10-02T11:14:38+00:00,appstore_907394059_20261002T111441.json
appstore:14602017278,appstore,0,Myntra on the IN App Store,403fb3f331bf9d3c,2026-09-28T03:55:10+00:00,Genuine and wonderful experience,5.0,0,https://apps.apple.com/in/app/id907394059?see-all=reviews,en,2026-10-02T11:14:38+00:00,appstore_907394059_20261002T111441.json
appstore:14602001610,appstore,0,Myntra on the IN App Store,f35063f4e08ef947,2026-09-28T03:47:53+00:00,"Beautiful salwar,perfect fit comfortable fabric go for it girls♥️",5.0,0,https://apps.apple.com/in/app/id907394059?see-all=reviews,en,2026-10-02T11:14:38+00:00,appstore_907394059_20261002T111441.json
appstore:14601990630,appstore,0,Myntra on the IN App Store,28d65f5a6ffe5efb,2026-09-28T03:42:47+00:00,"Much better than image shown
Also comfortable",5.0,0,https://apps.apple.com/in/app/id907394059?see-all=reviews,en,2026-10-02T11:14:38+00:00,appstore_907394059_20261002T111441.json
appstore:14601974353,appstore,0,Myntra on the IN App Store,7bb9e45fafaa7a03,2026-09-28T03:35:09+00:00,"I have been using this app since quite long now , my experience has been amazing with the app , from filtering to sorting & to suggestion .. adding lena for the search has been a jewel in the crown ..",5.0,0,https://apps.apple.com/in/app/id907394059?see-all=reviews,en,2026-10-02T11:14:38+00:00,appstore_907394059_20261002T111441.json
appstore:14601971873,appstore,0,Myntra on the IN App Store,e4583288ff3b5bb9,2026-09-28T03:34:00+00:00,Wonderful stitched pant style awesome fabric pure cotton and comfortable fitting,5.0,0,https://apps.apple.com/in/app/id907394059?see-all=reviews,en,2026-10-02T11:14:38+00:00,appstore_907394059_20261002T111441.json
appstore:14601971510,appstore,0,Myntra on the IN App Store,8e10d9ce8f18df46,2026-09-28T03:33:50+00:00,Awesome,5.0,0,https://apps.apple.com/in/app/id907394059?see-all=reviews,en,2026-10-02T11:14:38+00:00,appstore_907394059_20261002T111441.json
appstore:14601929021,appstore,0,Myntra on the IN App Store,74fe14c9ea8b3bc7,2026-09-28T03:14:50+00:00,very nice,5.0,0,https://apps.apple.com/in/app/id907394059?see-all=reviews,en,2026-10-02T11:14:38+00:00,appstore_907394059_20261002T111441.json
appstore:14601912516,appstore,0,Myntra on the IN App Store,0c6ea6573d65f2ac,2026-09-28T03:07:32+00:00,Good,5.0,0,https://apps.apple.com/in/app/id907394059?see-all=reviews,en,2026-10-02T11:14:38+00:00,appstore_907394059_20261002T111441.json
appstore:14601909324,appstore,0,Myntra on the IN App Store,4e3e6fa857578689,2026-09-28T03:06:10+00:00,My all time fav app to shop,5.0,0,https://apps.apple.com/in/app/id907394059?see-all=reviews,en,2026-10-02T11:14:38+00:00,appstore_907394059_20261002T111441.json
appstore:14601907587,appstore,0,Myntra on the IN App Store,ce15c81bde75cfff,2026-09-28T03:05:26+00:00,Fitting suppprb,5.0,0,https://apps.apple.com/in/app/id907394059?see-all=reviews,en,2026-10-02T11:14:38+00:00,appstore_907394059_20261002T111441.json
appstore:14601801266,appstore,0,Myntra on the IN App Store,c480407b6e312cfa,2026-09-28T02:19:59+00:00,Amazing shopping app I loved it,5.0,0,https://apps.apple.com/in/app/id907394059?see-all=reviews,en,2026-10-02T11:14:38+00:00,appstore_907394059_20261002T111441.json
appstore:14601760093,appstore,0,Myntra on the IN App Store,e692a1701f1efb88,2026-09-28T02:02:52+00:00,For shopping best app,5.0,0,https://apps.apple.com/in/app/id907394059?see-all=reviews,en,2026-10-02T11:14:38+00:00,appstore_907394059_20261002T111441.json
appstore:14601721593,appstore,0,Myntra on the IN App Store,d0f091c8ff565dd7,2026-09-28T01:47:02+00:00,Really good quality,5.0,0,https://apps.apple.com/in/app/id907394059?see-all=reviews,en,2026-10-02T11:14:38+00:00,appstore_907394059_20261002T111441.json
appstore:14601563970,appstore,0,Myntra on the IN App Store,af3f004a50b75d6c,2026-09-28T00:43:24+00:00,Go for it,5.0,0,https://apps.apple.com/in/app/id907394059?see-all=reviews,en,2026-10-02T11:14:38+00:00,appstore_907394059_20261002T111441.json
appstore:14601511041,appstore,0,Myntra on the IN App Store,c58878af8b1e8e66,2026-09-28T00:21:55+00:00,Mynthra is a trustable shopping app with good quality standards,5.0,0,https://apps.apple.com/in/app/id907394059?see-all=reviews,en,2026-10-02T11:14:38+00:00,appstore_907394059_20261002T111441.json
appstore:14601363314,appstore,0,Myntra on the IN App Store,51e7ed144e283402,2026-09-27T23:19:45+00:00,Good one,5.0,0,https://apps.apple.com/in/app/id907394059?see-all=reviews,en,2026-10-02T11:14:38+00:00,appstore_907394059_20261002T111441.json
appstore:14601021516,appstore,0,Myntra on the IN App Store,a0c9ed9f59d2a2f8,2026-09-27T21:02:18+00:00,5,5.0,0,https://apps.apple.com/in/app/id907394059?see-all=reviews,en,2026-10-02T11:14:38+00:00,appstore_907394059_20261002T111441.json
appstore:14600938424,appstore,1,Myntra on the IN App Store,39e1ff0f5d704f7b,2026-09-27T20:31:27+00:00,"I really love Myntra! It hasn’t forgotten what makes it a great platform for shopping for clothes. The product images are accurate, and what you receive looks just like what you see online. The delivery is fast, and there are plenty of offers, discounts, and coupons to make shopping even better. Overall, a great shopping experience. Keep it up, Myntra! ❤️",5.0,0,https://apps.apple.com/in/app/id907394059?see-all=reviews,en,2026-10-02T11:14:38+00:00,appstore_907394059_20261002T111441.json
appstore:14600924454,appstore,0,Myntra on the IN App Store,5be0a4820800a8e7,2026-09-27T20:26:25+00:00,ok,5.0,0,https://apps.apple.com/in/app/id907394059?see-all=reviews,en,2026-10-02T11:14:38+00:00,appstore_907394059_20261002T111441.json
appstore:14600853252,appstore,1,Myntra on the IN App Store,b6474071609ae99b,2026-09-27T20:01:15+00:00,"I am very satisfied with the Myntra app; it features products from excellent brands, and I really enjoy shopping on the platform. The products are of very high quality.",5.0,0,https://apps.apple.com/in/app/id907394059?see-all=reviews,en,2026-10-02T11:14:38+00:00,appstore_907394059_20261002T111441.json
appstore:14600841937,appstore,0,Myntra on the IN App Store,b11cb916e77ec244,2026-09-27T19:57:16+00:00,1 number,5.0,0,https://apps.apple.com/in/app/id907394059?see-all=reviews,en,2026-10-02T11:14:38+00:00,appstore_907394059_20261002T111441.json
appstore:14600763211,appstore,0,Myntra on the IN App Store,0a25e7fbfc80058c,2026-09-27T19:30:32+00:00,This app is a must have for all your fashion needs,5.0,0,https://apps.apple.com/in/app/id907394059?see-all=reviews,en,2026-10-02T11:14:38+00:00,appstore_907394059_20261002T111441.json
appstore:14600761270,appstore,0,Myntra on the IN App Store,08acdeea0a8a7893,2026-09-27T19:29:53+00:00,Authentic products,4.0,0,https://apps.apple.com/in/app/id907394059?see-all=reviews,en,2026-10-02T11:14:38+00:00,appstore_907394059_20261002T111441.json
appstore:14600740492,appstore,0,Myntra on the IN App Store,a227bbbb0d433514,2026-09-27T19:22:58+00:00,Nice love it,5.0,0,https://apps.apple.com/in/app/id907394059?see-all=reviews,en,2026-10-02T11:14:38+00:00,appstore_907394059_20261002T111441.json
appstore:14600712619,appstore,0,Myntra on the IN App Store,e17f568765c1f9ee,2026-09-27T19:13:43+00:00,Totally the best online shopping store .. just love its policy and stuff .. would like to add only one suggestion if we want to gift someone on his or her bday . Please add specific delivery date and time to deliver the product as we can make someone happy on their bday,5.0,0,https://apps.apple.com/in/app/id907394059?see-all=reviews,en,2026-10-02T11:14:38+00:00,appstore_907394059_20261002T111441.json
appstore:14600690921,appstore,0,Myntra on the IN App Store,ce798fd902406ef0,2026-09-27T19:06:40+00:00,Great genuine Quality Outfits,5.0,0,https://apps.apple.com/in/app/id907394059?see-all=reviews,en,2026-10-02T11:14:41+00:00,appstore_907394059_20261002T111441.json
appstore:14600677498,appstore,0,Myntra on the IN App Store,7c8ac7fb33a20688,2026-09-27T19:02:23+00:00,Good deals,5.0,0,https://apps.apple.com/in/app/id907394059?see-all=reviews,en,2026-10-02T11:14:41+00:00,appstore_907394059_20261002T111441.json
appstore:14600650172,appstore,0,Myntra on the IN App Store,3e23f0514b5427e2,2026-09-27T18:53:34+00:00,Awesome Product i am very happy,5.0,0,https://apps.apple.com/in/app/id907394059?see-all=reviews,en,2026-10-02T11:14:41+00:00,appstore_907394059_20261002T111441.json
appstore:14600641258,appstore,0,Myntra on the IN App Store,646efa2af97807c5,2026-09-27T18:50:40+00:00,Good product and good quality and its value for money and i will suggest others to buy once,5.0,0,https://apps.apple.com/in/app/id907394059?see-all=reviews,en,2026-10-02T11:14:41+00:00,appstore_907394059_20261002T111441.json
appstore:14600585823,appstore,0,Myntra on the IN App Store,212154cfb66cda5e,2026-09-27T18:32:58+00:00,Very comfortable,5.0,0,https://apps.apple.com/in/app/id907394059?see-all=reviews,en,2026-10-02T11:14:41+00:00,appstore_907394059_20261002T111441.json
appstore:14600559888,appstore,0,Myntra on the IN App Store,d83148e1886f00cd,2026-09-27T18:24:54+00:00,Good,5.0,0,https://apps.apple.com/in/app/id907394059?see-all=reviews,en,2026-10-02T11:14:41+00:00,appstore_907394059_20261002T111441.json
appstore:14600537103,appstore,0,Myntra on the IN App Store,21988f8fa3b12834,2026-09-27T18:17:51+00:00,Best shopping app,5.0,0,https://apps.apple.com/in/app/id907394059?see-all=reviews,en,2026-10-02T11:14:41+00:00,appstore_907394059_20261002T111441.json
appstore:14600532493,appstore,0,Myntra on the IN App Store,734ad229421f9ddf,2026-09-27T18:16:25+00:00,Good product,5.0,0,https://apps.apple.com/in/app/id907394059?see-all=reviews,en,2026-10-02T11:14:41+00:00,appstore_907394059_20261002T111441.json
appstore:14600516826,appstore,0,Myntra on the IN App Store,fb7cd122e108a166,2026-09-27T18:11:29+00:00,Happy with the return/exchange service,5.0,0,https://apps.apple.com/in/app/id907394059?see-all=reviews,en,2026-10-02T11:14:41+00:00,appstore_907394059_20261002T111441.json
appstore:14600471401,appstore,0,Myntra on the IN App Store,b96495104a407597,2026-09-27T17:57:33+00:00,Good👍,5.0,0,https://apps.apple.com/in/app/id907394059?see-all=reviews,en,2026-10-02T11:14:41+00:00,appstore_907394059_20261002T111441.json
appstore:14600462575,appstore,0,Myntra on the IN App Store,a5ecfab38918a066,2026-09-27T17:54:49+00:00,Best for use,5.0,0,https://apps.apple.com/in/app/id907394059?see-all=reviews,en,2026-10-02T11:14:41+00:00,appstore_907394059_20261002T111441.json
appstore:14600396728,appstore,0,Myntra on the IN App Store,5a84c5c57be9c58a,2026-09-27T17:34:36+00:00,10,5.0,0,https://apps.apple.com/in/app/id907394059?see-all=reviews,en,2026-10-02T11:14:41+00:00,appstore_907394059_20261002T111441.json
appstore:14600392857,appstore,0,Myntra on the IN App Store,8eb6a26b4dd1fc5c,2026-09-27T17:33:25+00:00,Same as shown in the picture,5.0,0,https://apps.apple.com/in/app/id907394059?see-all=reviews,en,2026-10-02T11:14:41+00:00,appstore_907394059_20261002T111441.json
appstore:14600382061,appstore,0,Myntra on the IN App Store,d037993ff078869b,2026-09-27T17:30:11+00:00,This is the best shopping app for clothes accessories and many more !! Service is too good and delivery is fast. Quality and branded products are there . For me 10/10❤️✨👌🏻,5.0,0,https://apps.apple.com/in/app/id907394059?see-all=reviews,en,2026-10-02T11:14:41+00:00,appstore_907394059_20261002T111441.json
appstore:14600380041,appstore,0,Myntra on the IN App Store,abf0b4b3d3ad0927,2026-09-27T17:29:35+00:00,Quality is amazing of every products.,5.0,0,https://apps.apple.com/in/app/id907394059?see-all=reviews,en,2026-10-02T11:14:41+00:00,appstore_907394059_20261002T111441.json
appstore:14600364559,appstore,0,Myntra on the IN App Store,975936c99cd63f19,2026-09-27T17:24:57+00:00,Great app for shopping,5.0,0,https://apps.apple.com/in/app/id907394059?see-all=reviews,en,2026-10-02T11:14:41+00:00,appstore_907394059_20261002T111441.json
appstore:14600333347,appstore,0,Myntra on the IN App Store,190f9eb77d8fa5d7,2026-09-27T17:15:35+00:00,Many collections and easy return policies ! Excellent service ! I love it !,5.0,0,https://apps.apple.com/in/app/id907394059?see-all=reviews,en,2026-10-02T11:14:41+00:00,appstore_907394059_20261002T111441.json
appstore:14600318124,appstore,0,Myntra on the IN App Store,bcb0be254a129fe8,2026-09-27T17:11:05+00:00,Improve on the Packing part. Many a times I have recd footwear in plastic covers without brand box.,5.0,0,https://apps.apple.com/in/app/id907394059?see-all=reviews,en,2026-10-02T11:14:41+00:00,appstore_907394059_20261002T111441.json
appstore:14600314734,appstore,0,Myntra on the IN App Store,29865f44f2d04dae,2026-09-27T17:10:06+00:00,Best offers,5.0,0,https://apps.apple.com/in/app/id907394059?see-all=reviews,en,2026-10-02T11:14:41+00:00,appstore_907394059_20261002T111441.json
appstore:14600221281,appstore,0,Myntra on the IN App Store,896d45893ae6fdd2,2026-09-27T16:42:43+00:00,5,5.0,0,https://apps.apple.com/in/app/id907394059?see-all=reviews,en,2026-10-02T11:14:41+00:00,appstore_907394059_20261002T111441.json
appstore:14600220139,appstore,0,Myntra on the IN App Store,f4f0eef10c48f030,2026-09-27T16:42:22+00:00,Very efficient also,5.0,0,https://apps.apple.com/in/app/id907394059?see-all=reviews,en,2026-10-02T11:14:41+00:00,appstore_907394059_20261002T111441.json
appstore:14600197981,appstore,0,Myntra on the IN App Store,2dd7acef64a0e4c0,2026-09-27T16:35:53+00:00,Collects are getting boring,1.0,0,https://apps.apple.com/in/app/id907394059?see-all=reviews,en,2026-10-02T11:14:41+00:00,appstore_907394059_20261002T111441.json
appstore:14600177026,appstore,0,Myntra on the IN App Store,8f60ae0387425252,2026-09-27T16:29:44+00:00,Best app,5.0,0,https://apps.apple.com/in/app/id907394059?see-all=reviews,en,2026-10-02T11:14:41+00:00,appstore_907394059_20261002T111441.json
appstore:14600144019,appstore,1,Myntra on the IN App Store,5bd92f5418048812,2026-09-27T16:20:11+00:00,I love Myntra. They have great styles at a good price!,5.0,0,https://apps.apple.com/in/app/id907394059?see-all=reviews,en,2026-10-02T11:14:41+00:00,appstore_907394059_20261002T111441.json
appstore:14600105106,appstore,0,Myntra on the IN App Store,114921dafdcc56a6,2026-09-27T16:08:56+00:00,"Super but shoulders are very tight xxl 

I purchase same size but issue only this product 

Item is very very good I like so much but unfortunately this zip not work and I purchase 2 item same issue can you arrange 3xl sir",5.0,0,https://apps.apple.com/in/app/id907394059?see-all=reviews,en,2026-10-02T11:14:41+00:00,appstore_907394059_20261002T111441.json
appstore:14600031365,appstore,0,Myntra on the IN App Store,30dce62a36048ff3,2026-09-27T15:47:47+00:00,Very nice,5.0,0,https://apps.apple.com/in/app/id907394059?see-all=reviews,en,2026-10-02T11:14:41+00:00,appstore_907394059_20261002T111441.json
appstore:14600013980,appstore,0,Myntra on the IN App Store,b99beb87e861706e,2026-09-27T15:42:50+00:00,Top notch in design,5.0,0,https://apps.apple.com/in/app/id907394059?see-all=reviews,en,2026-10-02T11:14:41+00:00,appstore_907394059_20261002T111441.json
appstore:14599995821,appstore,0,Myntra on the IN App Store,b4347de249124737,2026-09-27T15:37:34+00:00,Vast variety and good discounts,5.0,0,https://apps.apple.com/in/app/id907394059?see-all=reviews,en,2026-10-02T11:14:41+00:00,appstore_907394059_20261002T111441.json
appstore:14599901241,appstore,1,Myntra on the IN App Store,4e49366660c1e853,2026-09-27T15:10:46+00:00,If you want value for money products then go for Myntra,5.0,0,https://apps.apple.com/in/app/id907394059?see-all=reviews,en,2026-10-02T11:14:41+00:00,appstore_907394059_20261002T111441.json
appstore:14599891084,appstore,0,Myntra on the IN App Store,865f31f05b593918,2026-09-27T15:07:57+00:00,As per seen in app practically item is identical,5.0,0,https://apps.apple.com/in/app/id907394059?see-all=reviews,en,2026-10-02T11:14:41+00:00,appstore_907394059_20261002T111441.json
appstore:14599884808,appstore,0,Myntra on the IN App Store,3fe2e0f29f17d7ec,2026-09-27T15:06:11+00:00,Beautiful dress.. amazing fitting loved it..,5.0,0,https://apps.apple.com/in/app/id907394059?see-all=reviews,en,2026-10-02T11:14:41+00:00,appstore_907394059_20261002T111441.json
appstore:14599876739,appstore,1,Myntra on the IN App Store,f4640d4f24effa5e,2026-09-27T15:03:54+00:00,"Got this jeans for my son, he is super happy n excited with the fit n colour. Moreover the delivery was super fast, with in 24hours. Keep it up team Myntra , Kudos to you 🫡👏🙌",5.0,0,https://apps.apple.com/in/app/id907394059?see-all=reviews,en,2026-10-02T11:14:41+00:00,appstore_907394059_20261002T111441.json
appstore:14599868685,appstore,0,Myntra on the IN App Store,dc08338167c8f304,2026-09-27T15:01:35+00:00,Good product,5.0,0,https://apps.apple.com/in/app/id907394059?see-all=reviews,en,2026-10-02T11:14:41+00:00,appstore_907394059_20261002T111441.json
appstore:14599860836,appstore,1,Myntra on the IN App Store,ea9df23f93626784,2026-09-27T14:59:22+00:00,"Thanks to Myntra for making available such a nice brand ,comfortable and good looking shirt.",4.0,0,https://apps.apple.com/in/app/id907394059?see-all=reviews,en,2026-10-02T11:14:41+00:00,appstore_907394059_20261002T111441.json
appstore:14599858678,appstore,0,Myntra on the IN App Store,baa7a9b0e1614d85,2026-09-27T14:58:46+00:00,"I have my virgin hair and used this colour, give my hair beautiful shade and so smooth hair, love it ❤️❤️",4.0,0,https://apps.apple.com/in/app/id907394059?see-all=reviews,en,2026-10-02T11:14:41+00:00,appstore_907394059_20261002T111441.json
appstore:14599848793,appstore,0,Myntra on the IN App Store,d00fb53c30461734,2026-09-27T14:56:01+00:00,Good,5.0,0,https://apps.apple.com/in/app/id907394059?see-all=reviews,en,2026-10-02T11:14:41+00:00,appstore_907394059_20261002T111441.json
appstore:14599844389,appstore,0,Myntra on the IN App Store,434aedad1c33d0c8,2026-09-27T14:54:47+00:00,Such a great place to find your style and your perfect outfit ✨😉,5.0,0,https://apps.apple.com/in/app/id907394059?see-all=reviews,en,2026-10-02T11:14:41+00:00,appstore_907394059_20261002T111441.json
appstore:14599819819,appstore,0,Myntra on the IN App Store,29ac03861e2098f0,2026-09-27T14:47:47+00:00,More sopping,5.0,0,https://apps.apple.com/in/app/id907394059?see-all=reviews,en,2026-10-02T11:14:41+00:00,appstore_907394059_20261002T111441.json
appstore:14599814225,appstore,0,Myntra on the IN App Store,7805c99ca1435ef1,2026-09-27T14:46:11+00:00,Best app ever of shopping,5.0,0,https://apps.apple.com/in/app/id907394059?see-all=reviews,en,2026-10-02T11:14:41+00:00,appstore_907394059_20261002T111441.json
appstore:14599806696,appstore,0,Myntra on the IN App Store,4e6c6fea08638894,2026-09-27T14:44:00+00:00,Best app,5.0,0,https://apps.apple.com/in/app/id907394059?see-all=reviews,en,2026-10-02T11:14:41+00:00,appstore_907394059_20261002T111441.json
appstore:14599734271,appstore,0,Myntra on the IN App Store,d06fb3098b3232d9,2026-09-27T14:23:25+00:00,Nice app for clothes,5.0,0,https://apps.apple.com/in/app/id907394059?see-all=reviews,en,2026-10-02T11:14:41+00:00,appstore_907394059_20261002T111441.json
appstore:14599722429,appstore,0,Myntra on the IN App Store,5d50e208b7113b40,2026-09-27T14:20:02+00:00,"Awesome experience, returns are easy and refund are faster",5.0,0,https://apps.apple.com/in/app/id907394059?see-all=reviews,en,2026-10-02T11:14:41+00:00,appstore_907394059_20261002T111441.json
appstore:14599720567,appstore,0,Myntra on the IN App Store,6879bfd2d88d1e5d,2026-09-27T14:19:30+00:00,Working good,5.0,0,https://apps.apple.com/in/app/id907394059?see-all=reviews,en,2026-10-02T11:14:41+00:00,appstore_907394059_20261002T111441.json
appstore:14599716291,appstore,0,Myntra on the IN App Store,8d528776bbf821b5,2026-09-27T14:18:18+00:00,Good,4.0,0,https://apps.apple.com/in/app/id907394059?see-all=reviews,en,2026-10-02T11:14:41+00:00,appstore_907394059_20261002T111441.json
appstore:14599701211,appstore,0,Myntra on the IN App Store,d2d407998b2a8a55,2026-09-27T14:14:00+00:00,Value product,5.0,0,https://apps.apple.com/in/app/id907394059?see-all=reviews,en,2026-10-02T11:14:41+00:00,appstore_907394059_20261002T111441.json
appstore:14599669304,appstore,0,Myntra on the IN App Store,7c7aeb44a43e71b0,2026-09-27T14:04:53+00:00,Use full app,5.0,0,https://apps.apple.com/in/app/id907394059?see-all=reviews,en,2026-10-02T11:14:41+00:00,appstore_907394059_20261002T111441.json
appstore:14599667663,appstore,0,Myntra on the IN App Store,60b1255d6fcc8b91,2026-09-27T14:04:25+00:00,Super,5.0,0,https://apps.apple.com/in/app/id907394059?see-all=reviews,en,2026-10-02T11:14:41+00:00,appstore_907394059_20261002T111441.json
appstore:14599662707,appstore,0,Myntra on the IN App Store,8468bff67f531969,2026-09-27T14:03:01+00:00,…,3.0,0,https://apps.apple.com/in/app/id907394059?see-all=reviews,en,2026-10-02T11:14:41+00:00,appstore_907394059_20261002T111441.json
appstore:14599652637,appstore,1,Myntra on the IN App Store,6bf309ea2d569868,2026-09-27T14:00:08+00:00,Help services bohat ghatiya h customer ek number ke bakwash ajent h no buy any irder myntra,1.0,1,https://apps.apple.com/in/app/id907394059?see-all=reviews,en,2026-10-02T11:14:41+00:00,appstore_907394059_20261002T111441.json
appstore:14599643663,appstore,0,Myntra on the IN App Store,b4f96d480d978020,2026-09-27T13:57:33+00:00,Gold class app for fashion shopping,5.0,0,https://apps.apple.com/in/app/id907394059?see-all=reviews,en,2026-10-02T11:14:41+00:00,appstore_907394059_20261002T111441.json
